fname,label
00063640.wav,Finger_snapping Keys_jangling Scissors
0013a1db.wav,Oboe Clarinet Flute
002bb878.wav,Bass_drum Gunshot_or_gunfire Electric_piano
002d392d.wav,Bass_drum Hi-hat Electric_piano
00326aa9.wav,Oboe Clarinet Flute
0038a046.wav,Bass_drum Knock Keys_jangling
003995fa.wav,Squeak Gong Violin_or_fiddle
005ae625.wav,Saxophone Clarinet Violin_or_fiddle
007759c4.wav,Clarinet Flute Saxophone
008afd93.wav,Clarinet Saxophone Violin_or_fiddle
00a161c0.wav,Cello Saxophone Acoustic_guitar
00a7a2f6.wav,Clarinet Oboe Flute
00ae03f6.wav,Hi-hat Shatter Fireworks
00b2404e.wav,Cello Violin_or_fiddle Double_bass
00beb030.wav,Clarinet Saxophone Trumpet
00c4d5b8.wav,Cello Double_bass Trumpet
00c92c05.wav,Clarinet Saxophone Flute
00ccf065.wav,Bass_drum Hi-hat Knock
00d0ab77.wav,Clarinet Saxophone Violin_or_fiddle
00dffe3a.wav,Bass_drum Knock Hi-hat
00e33205.wav,Clarinet Oboe Saxophone
00e7ed07.wav,Clarinet Oboe Violin_or_fiddle
00eac343.wav,Gong Telephone Trumpet
00f2f692.wav,Violin_or_fiddle Clarinet Oboe
0102a895.wav,Cello Acoustic_guitar Double_bass
010a0b3a.wav,Tearing Shatter Keys_jangling
010eed01.wav,Knock Trumpet Tambourine
01115622.wav,Hi-hat Shatter Tambourine
01198b7e.wav,Glockenspiel Electric_piano Gong
01207ce5.wav,Gong Hi-hat Squeak
0137bfba.wav,Cough Snare_drum Violin_or_fiddle
014eb52e.wav,Violin_or_fiddle Clarinet Cello
01608fa3.wav,Bass_drum Gunshot_or_gunfire Hi-hat
0169348e.wav,Clarinet Saxophone Violin_or_fiddle
016e52da.wav,Oboe Clarinet Violin_or_fiddle
0183b482.wav,Clarinet Violin_or_fiddle Saxophone
0185de6b.wav,Cello Acoustic_guitar Double_bass
01a5a2a3.wav,Bark Flute Laughter
01aed32a.wav,Clarinet Saxophone Flute
01afccc5.wav,Acoustic_guitar Laughter Snare_drum
01b4cdb5.wav,Bus Acoustic_guitar Double_bass
01b85217.wav,Clarinet Saxophone Flute
01bb344f.wav,Fart Burping_or_eructation Squeak
01bede12.wav,Trumpet Violin_or_fiddle Cello
01c9d6d3.wav,Violin_or_fiddle Harmonica Flute
01e628cb.wav,Saxophone Oboe Clarinet
01e6e112.wav,Squeak Gong Fireworks
01e99e2d.wav,Electric_piano Violin_or_fiddle Acoustic_guitar
01eccb6e.wav,Clarinet Saxophone Violin_or_fiddle
01f27f99.wav,Fireworks Bus Writing
01f29edb.wav,Clarinet Saxophone Flute
01f9883e.wav,Cello Violin_or_fiddle Flute
01fd22ba.wav,Electric_piano Double_bass Bass_drum
01fe4a01.wav,Applause Harmonica Fireworks
02107093.wav,Bass_drum Knock Keys_jangling
02182ebd.wav,Hi-hat Shatter Tambourine
02198549.wav,Finger_snapping Keys_jangling Scissors
0220d48a.wav,Knock Bass_drum Fireworks
02210ee7.wav,Clarinet Cello Oboe
022170df.wav,Clarinet Saxophone Flute
023431b2.wav,Oboe Violin_or_fiddle Clarinet
023e7db3.wav,Flute Clarinet Saxophone
023eab1f.wav,Double_bass Cello Acoustic_guitar
02482fdc.wav,Cello Violin_or_fiddle Acoustic_guitar
024e45b1.wav,Clarinet Saxophone Violin_or_fiddle
026820e6.wav,Laughter Cello Snare_drum
02697329.wav,Bass_drum Knock Hi-hat
027a8b14.wav,Tambourine Hi-hat Finger_snapping
027dbe3e.wav,Double_bass Cello Bass_drum
027f06cc.wav,Squeak Meow Tearing
028278f0.wav,Oboe Clarinet Trumpet
028db587.wav,Bass_drum Knock Hi-hat
02960f07.wav,Tambourine Keys_jangling Scissors
0298b2c6.wav,Violin_or_fiddle Flute Clarinet
02a0eb3c.wav,Gunshot_or_gunfire Fart Writing
02ad476f.wav,Meow Squeak Harmonica
02af55f6.wav,Clarinet Violin_or_fiddle Cello
02c3af87.wav,Oboe Trumpet Clarinet
02c46d0b.wav,Acoustic_guitar Bus Cello
02c6f112.wav,Cello Violin_or_fiddle Clarinet
02cb4d01.wav,Bass_drum Fart Electric_piano
02d5dc55.wav,Knock Bass_drum Writing
02d9b93c.wav,Clarinet Saxophone Flute
02df943b.wav,Knock Bass_drum Snare_drum
02e99b5e.wav,Cello Violin_or_fiddle Clarinet
02f8d82c.wav,Oboe Trumpet Saxophone
02fb6c5b.wav,Knock Bass_drum Writing
0300b76b.wav,Cello Violin_or_fiddle Saxophone
0303e3a5.wav,Bass_drum Gunshot_or_gunfire Electric_piano
03079bb2.wav,Tearing Shatter Scissors
030bacc6.wav,Drawer_open_or_close Gunshot_or_gunfire Fireworks
030db750.wav,Squeak Laughter Microwave_oven
0310089a.wav,Squeak Violin_or_fiddle Gong
0316ff65.wav,Bass_drum Knock Snare_drum
03199dbe.wav,Fart Gunshot_or_gunfire Burping_or_eructation
031b6d8f.wav,Clarinet Oboe Saxophone
03319789.wav,Bark Violin_or_fiddle Clarinet
033a0cbe.wav,Bass_drum Gunshot_or_gunfire Double_bass
0345130c.wav,Trumpet Oboe Saxophone
034b1b41.wav,Clarinet Oboe Violin_or_fiddle
034c1c69.wav,Flute Clarinet Violin_or_fiddle
035e420f.wav,Hi-hat Shatter Tambourine
036c1697.wav,Acoustic_guitar Snare_drum Drawer_open_or_close
036f228c.wav,Clarinet Violin_or_fiddle Glockenspiel
03786473.wav,Violin_or_fiddle Flute Squeak
037e7b6f.wav,Clarinet Saxophone Violin_or_fiddle
0381efd3.wav,Double_bass Cello Bass_drum
038397e9.wav,Bass_drum Knock Hi-hat
03858091.wav,Knock Bass_drum Writing
03888259.wav,Cello Double_bass Acoustic_guitar
0394e0d4.wav,Hi-hat Shatter Fireworks
03953467.wav,Flute Oboe Harmonica
039d36e9.wav,Clarinet Violin_or_fiddle Saxophone
03ab8828.wav,Fireworks Drawer_open_or_close Gong
03af84e5.wav,Oboe Clarinet Flute
03b7faf1.wav,Tearing Shatter Scissors
03c1c5f4.wav,Oboe Clarinet Saxophone
03c5bfbb.wav,Tearing Fart Bass_drum
03d2bdca.wav,Clarinet Oboe Saxophone
03d5a89c.wav,Cello Violin_or_fiddle Clarinet
03e1e393.wav,Bark Laughter Flute
03e2ecd9.wav,Double_bass Cello Knock
03e860b2.wav,Trumpet Oboe Saxophone
03f2e21f.wav,Cello Violin_or_fiddle Saxophone
03f39877.wav,Hi-hat Shatter Knock
03fafd5b.wav,Double_bass Cello Acoustic_guitar
03fccc98.wav,Writing Knock Computer_keyboard
0402129f.wav,Snare_drum Cough Drawer_open_or_close
040258a9.wav,Violin_or_fiddle Cello Clarinet
041521b0.wav,Bass_drum Electric_piano Gunshot_or_gunfire
04154da3.wav,Bass_drum Electric_piano Double_bass
0419676b.wav,Clarinet Cello Saxophone
041983cd.wav,Saxophone Flute Clarinet
04199401.wav,Tearing Fart Burping_or_eructation
041c68ec.wav,Cello Glockenspiel Acoustic_guitar
041c7581.wav,Violin_or_fiddle Clarinet Cello
041eed83.wav,Writing Cough Laughter
0422b811.wav,Burping_or_eructation Tearing Shatter
0448c553.wav,Bass_drum Gunshot_or_gunfire Electric_piano
0448d513.wav,Clarinet Saxophone Violin_or_fiddle
044aef8a.wav,Tearing Shatter Hi-hat
045931e0.wav,Trumpet Laughter Harmonica
0459ee65.wav,Clarinet Saxophone Oboe
045c6122.wav,Gunshot_or_gunfire Bass_drum Fart
045c9ea8.wav,Clarinet Oboe Flute
04605af5.wav,Shatter Tearing Hi-hat
046250d3.wav,Cello Violin_or_fiddle Double_bass
046486df.wav,Tearing Keys_jangling Fart
0468ad68.wav,Oboe Clarinet Trumpet
046e86b5.wav,Hi-hat Shatter Trumpet
047b5857.wav,Cello Acoustic_guitar Gong
047bf19c.wav,Oboe Violin_or_fiddle Flute
047e0d21.wav,Glockenspiel Violin_or_fiddle Clarinet
048470a5.wav,Tearing Squeak Fart
04a301e9.wav,Trumpet Oboe Saxophone
04ab46a9.wav,Cello Double_bass Acoustic_guitar
04ab4e22.wav,Tambourine Keys_jangling Chime
04b031df.wav,Shatter Trumpet Knock
04b249bd.wav,Writing Drawer_open_or_close Burping_or_eructation
04b7ef77.wav,Oboe Clarinet Violin_or_fiddle
04bdae57.wav,Hi-hat Shatter Fireworks
04c2ed9c.wav,Clarinet Saxophone Violin_or_fiddle
04d15abd.wav,Trumpet Oboe Violin_or_fiddle
04dbef05.wav,Cello Acoustic_guitar Saxophone
04dddbf5.wav,Bass_drum Knock Snare_drum
04ecda67.wav,Bass_drum Hi-hat Gunshot_or_gunfire
04ed8568.wav,Bass_drum Knock Electric_piano
04f232c6.wav,Gunshot_or_gunfire Bass_drum Fart
04f46a27.wav,Bass_drum Gunshot_or_gunfire Double_bass
04f85a49.wav,Acoustic_guitar Cello Bus
04fb8280.wav,Clarinet Electric_piano Glockenspiel
0509ce2f.wav,Hi-hat Fireworks Shatter
0520faf4.wav,Gong Glockenspiel Violin_or_fiddle
05296d2a.wav,Saxophone Clarinet Flute
0529d428.wav,Knock Bass_drum Snare_drum
0539bb41.wav,Cello Violin_or_fiddle Saxophone
053a5fc6.wav,Hi-hat Fireworks Shatter
053b4c56.wav,Squeak Tearing Telephone
053e7bb5.wav,Violin_or_fiddle Trumpet Snare_drum
054508f3.wav,Bass_drum Knock Hi-hat
0548124b.wav,Double_bass Cello Trumpet
054dbf39.wav,Oboe Flute Violin_or_fiddle
054eeab6.wav,Bark Cough Laughter
05562991.wav,Clarinet Oboe Violin_or_fiddle
0558af35.wav,Squeak Violin_or_fiddle Flute
0568741b.wav,Clarinet Saxophone Flute
05723b3a.wav,Cello Double_bass Acoustic_guitar
057425e6.wav,Fart Tearing Fireworks
0576d7ba.wav,Fart Burping_or_eructation Gunshot_or_gunfire
057c2963.wav,Oboe Saxophone Flute
0586f0e0.wav,Squeak Gong Meow
058a0e87.wav,Bass_drum Knock Electric_piano
058e63ea.wav,Tambourine Hi-hat Chime
0594d8c2.wav,Hi-hat Glockenspiel Fireworks
059d5420.wav,Clarinet Violin_or_fiddle Oboe
059ffef4.wav,Flute Oboe Violin_or_fiddle
05a15a14.wav,Clarinet Saxophone Violin_or_fiddle
05ad10fb.wav,Violin_or_fiddle Clarinet Saxophone
05ae0583.wav,Hi-hat Trumpet Shatter
05c2056b.wav,Cello Clarinet Violin_or_fiddle
05c8453f.wav,Snare_drum Knock Gunshot_or_gunfire
05cae96f.wav,Knock Bass_drum Gunshot_or_gunfire
05cc88d2.wav,Hi-hat Fireworks Glockenspiel
05ccb0ff.wav,Bus Fireworks Writing
05f3c709.wav,Applause Tearing Telephone
05f40290.wav,Cello Double_bass Violin_or_fiddle
05fc58ee.wav,Gunshot_or_gunfire Bass_drum Fart
05fca090.wav,Flute Saxophone Clarinet
060428bd.wav,Cello Acoustic_guitar Double_bass
0608d8b7.wav,Laughter Bark Flute
06123abf.wav,Gong Acoustic_guitar Bark
062c3119.wav,Clarinet Saxophone Violin_or_fiddle
062f9f91.wav,Burping_or_eructation Tearing Shatter
06308a6b.wav,Cello Double_bass Violin_or_fiddle
0630cf5e.wav,Cello Acoustic_guitar Gong
0638da1a.wav,Violin_or_fiddle Cowbell Snare_drum
063d81f8.wav,Clarinet Saxophone Violin_or_fiddle
06718b47.wav,Trumpet Oboe Saxophone
0671a98a.wav,Oboe Trumpet Saxophone
06775f3c.wav,Laughter Bark Bus
0678a571.wav,Oboe Trumpet Saxophone
067d6a04.wav,Flute Saxophone Clarinet
06827666.wav,Glockenspiel Electric_piano Gong
0682b1f6.wav,Gong Hi-hat Telephone
0689d2f6.wav,Bass_drum Knock Hi-hat
069b1efa.wav,Flute Clarinet Saxophone
069b4384.wav,Bass_drum Knock Computer_keyboard
069e4fb3.wav,Bus Gong Bark
06b27161.wav,Violin_or_fiddle Flute Cello
06bb374e.wav,Fireworks Fart Tearing
06bd2694.wav,Bass_drum Gunshot_or_gunfire Snare_drum
06c33b21.wav,Laughter Flute Bark
06c535eb.wav,Acoustic_guitar Double_bass Cello
06d4796b.wav,Oboe Flute Violin_or_fiddle
06dcd7a0.wav,Tearing Burping_or_eructation Fart
06e1d866.wav,Burping_or_eructation Fart Tearing
06e4a7a3.wav,Violin_or_fiddle Cello Clarinet
06e4c394.wav,Glockenspiel Electric_piano Gong
06ee2e39.wav,Clarinet Violin_or_fiddle Oboe
06faccbf.wav,Fireworks Burping_or_eructation Shatter
06fbe4da.wav,Bass_drum Knock Double_bass
070096e9.wav,Oboe Clarinet Saxophone
070204c5.wav,Hi-hat Glockenspiel Fireworks
07038d45.wav,Tearing Shatter Scissors
07063bc9.wav,Keys_jangling Tearing Finger_snapping
070fea08.wav,Oboe Clarinet Flute
0716b51d.wav,Bass_drum Knock Double_bass
071b2b62.wav,Bark Laughter Gong
071e7724.wav,Knock Snare_drum Bass_drum
071f4c75.wav,Electric_piano Acoustic_guitar Glockenspiel
0722054b.wav,Clarinet Saxophone Flute
07256457.wav,Oboe Clarinet Saxophone
0730b080.wav,Bass_drum Fireworks Computer_keyboard
0736d78e.wav,Fart Shatter Drawer_open_or_close
073d6755.wav,Cough Acoustic_guitar Cello
0745def5.wav,Acoustic_guitar Glockenspiel Electric_piano
0751e141.wav,Hi-hat Fireworks Glockenspiel
0755629f.wav,Knock Bass_drum Snare_drum
075591e8.wav,Bass_drum Electric_piano Double_bass
0760a9e7.wav,Tearing Keys_jangling Shatter
076176f4.wav,Hi-hat Glockenspiel Fireworks
0761d26b.wav,Applause Fireworks Shatter
07642d1b.wav,Cello Gong Acoustic_guitar
07682400.wav,Oboe Flute Clarinet
076d3b6c.wav,Trumpet Oboe Saxophone
0776b083.wav,Hi-hat Shatter Trumpet
07776603.wav,Trumpet Oboe Saxophone
0779cb34.wav,Tearing Squeak Scissors
077a7711.wav,Violin_or_fiddle Cowbell Knock
0790d4f8.wav,Snare_drum Drawer_open_or_close Gunshot_or_gunfire
079367a7.wav,Oboe Flute Clarinet
07954767.wav,Bass_drum Knock Hi-hat
07989042.wav,Oboe Trumpet Clarinet
0799369e.wav,Oboe Clarinet Flute
079faac8.wav,Harmonica Violin_or_fiddle Flute
07a8ddbf.wav,Hi-hat Shatter Trumpet
07ab0dcf.wav,Cello Violin_or_fiddle Double_bass
07b0fe34.wav,Fart Tearing Burping_or_eructation
07b9c04c.wav,Bass_drum Hi-hat Knock
07bac4d1.wav,Knock Snare_drum Drawer_open_or_close
07c4fd98.wav,Clarinet Flute Saxophone
07c8463e.wav,Writing Meow Squeak
07c95625.wav,Violin_or_fiddle Squeak Harmonica
07cf422e.wav,Acoustic_guitar Bus Cello
07cffb09.wav,Burping_or_eructation Fireworks Fart
07d5cca9.wav,Clarinet Saxophone Violin_or_fiddle
07d62787.wav,Trumpet Oboe Saxophone
07dcd326.wav,Fart Shatter Fireworks
07eef0c0.wav,Clarinet Violin_or_fiddle Cello
07f06f30.wav,Bass_drum Knock Snare_drum
07f1dab7.wav,Tambourine Keys_jangling Hi-hat
07fbde49.wav,Oboe Clarinet Flute
0802d9ec.wav,Oboe Trumpet Saxophone
080b53cc.wav,Acoustic_guitar Cello Glockenspiel
081fbfd3.wav,Shatter Tearing Hi-hat
082cd9fe.wav,Laughter Acoustic_guitar Cough
083bba3c.wav,Oboe Clarinet Violin_or_fiddle
0841041b.wav,Cello Violin_or_fiddle Acoustic_guitar
08426322.wav,Knock Bass_drum Writing
0844d331.wav,Violin_or_fiddle Flute Clarinet
08593822.wav,Clarinet Saxophone Violin_or_fiddle
085a9c5b.wav,Clarinet Saxophone Violin_or_fiddle
087248e6.wav,Violin_or_fiddle Flute Clarinet
087ed746.wav,Oboe Clarinet Saxophone
08854d8c.wav,Bass_drum Knock Hi-hat
088bb565.wav,Clarinet Violin_or_fiddle Saxophone
08904a43.wav,Cowbell Violin_or_fiddle Acoustic_guitar
08911c36.wav,Burping_or_eructation Bark Gunshot_or_gunfire
08941c53.wav,Knock Bass_drum Computer_keyboard
0894d11f.wav,Hi-hat Trumpet Shatter
089f1097.wav,Knock Trumpet Fireworks
089f44b1.wav,Shatter Knock Drawer_open_or_close
08a82608.wav,Harmonica Meow Violin_or_fiddle
08be795d.wav,Tambourine Chime Hi-hat
08c9a7f7.wav,Bass_drum Knock Hi-hat
08d23bb8.wav,Gong Acoustic_guitar Trumpet
08d9501a.wav,Shatter Fart Snare_drum
08ddd56e.wav,Bass_drum Knock Hi-hat
08e27974.wav,Burping_or_eructation Tearing Fart
08ecc0a1.wav,Double_bass Cello Acoustic_guitar
08f4b16b.wav,Tearing Shatter Squeak
08fcf830.wav,Violin_or_fiddle Clarinet Glockenspiel
0921f1f2.wav,Cello Acoustic_guitar Double_bass
092a73e5.wav,Bass_drum Knock Keys_jangling
092d89a0.wav,Cello Acoustic_guitar Double_bass
093963d5.wav,Cello Clarinet Violin_or_fiddle
0943fc2d.wav,Bass_drum Knock Hi-hat
09481a4c.wav,Bass_drum Knock Hi-hat
095428e8.wav,Cello Acoustic_guitar Violin_or_fiddle
09553ca1.wav,Bass_drum Hi-hat Knock
095dd27c.wav,Shatter Drawer_open_or_close Tearing
0967cebd.wav,Saxophone Oboe Clarinet
0969d9d1.wav,Cello Violin_or_fiddle Double_bass
096c3969.wav,Oboe Clarinet Cello
096fd039.wav,Fart Tearing Burping_or_eructation
0976741c.wav,Violin_or_fiddle Hi-hat Snare_drum
097cdef5.wav,Violin_or_fiddle Trumpet Cowbell
0984ea36.wav,Double_bass Cello Acoustic_guitar
0995f876.wav,Clarinet Saxophone Flute
09983766.wav,Gong Squeak Hi-hat
09a14a8e.wav,Computer_keyboard Writing Tearing
09b3e21c.wav,Clarinet Saxophone Violin_or_fiddle
09c7044c.wav,Bass_drum Electric_piano Gunshot_or_gunfire
09c71587.wav,Violin_or_fiddle Cello Flute
09c8f697.wav,Bass_drum Double_bass Knock
09c9b50b.wav,Saxophone Oboe Clarinet
09cba9de.wav,Cello Acoustic_guitar Clarinet
09d0535a.wav,Fart Tearing Burping_or_eructation
09d2d1c0.wav,Clarinet Saxophone Oboe
09e5a0ee.wav,Double_bass Acoustic_guitar Cello
09e83f2a.wav,Saxophone Clarinet Oboe
09eb9ddb.wav,Cello Acoustic_guitar Double_bass
09ec3afd.wav,Electric_piano Gunshot_or_gunfire Burping_or_eructation
09f02a4a.wav,Bass_drum Tearing Fart
09f55e64.wav,Clarinet Saxophone Flute
0a001dfe.wav,Burping_or_eructation Fireworks Fart
0a00b1a8.wav,Oboe Clarinet Flute
0a0b26cc.wav,Bass_drum Hi-hat Knock
0a23fde2.wav,Squeak Meow Harmonica
0a3d6e55.wav,Drawer_open_or_close Fireworks Tearing
0a429107.wav,Hi-hat Glockenspiel Fireworks
0a5cbf90.wav,Glockenspiel Electric_piano Clarinet
0a5f818e.wav,Violin_or_fiddle Harmonica Oboe
0a6219e5.wav,Double_bass Cello Electric_piano
0a67826b.wav,Bass_drum Hi-hat Knock
0a695221.wav,Tearing Shatter Squeak
0a6ecade.wav,Bass_drum Knock Hi-hat
0a71e42d.wav,Bass_drum Knock Snare_drum
0a79ddf7.wav,Glockenspiel Electric_piano Violin_or_fiddle
0a7c7060.wav,Shatter Hi-hat Tearing
0a7fbd54.wav,Hi-hat Shatter Gong
0a7ff75b.wav,Bass_drum Gunshot_or_gunfire Electric_piano
0a848902.wav,Violin_or_fiddle Flute Oboe
0a8b7299.wav,Fireworks Tearing Squeak
0a8d849e.wav,Bass_drum Knock Hi-hat
0a979caf.wav,Clarinet Saxophone Flute
0aaa4d2f.wav,Bass_drum Knock Hi-hat
0aab4d0f.wav,Trumpet Oboe Saxophone
0ab56675.wav,Cough Bark Laughter
0ab99db4.wav,Saxophone Bark Telephone
0acc6947.wav,Double_bass Cello Acoustic_guitar
0ace560e.wav,Clarinet Saxophone Flute
0ace703f.wav,Cowbell Violin_or_fiddle Knock
0ad916a0.wav,Cello Double_bass Acoustic_guitar
0adf81d5.wav,Bark Cough Laughter
0ae1945c.wav,Acoustic_guitar Cello Double_bass
0af843ea.wav,Drawer_open_or_close Writing Tearing
0b0132c8.wav,Snare_drum Knock Microwave_oven
0b0427e2.wav,Tambourine Hi-hat Keys_jangling
0b07dc21.wav,Oboe Clarinet Violin_or_fiddle
0b0df9a0.wav,Burping_or_eructation Fart Fireworks
0b157a67.wav,Bass_drum Knock Hi-hat
0b232eb1.wav,Bass_drum Gunshot_or_gunfire Hi-hat
0b244358.wav,Trumpet Oboe Saxophone
0b273087.wav,Clarinet Saxophone Flute
0b278db1.wav,Shatter Tearing Scissors
0b2f18fa.wav,Fireworks Squeak Tearing
0b321436.wav,Bass_drum Gunshot_or_gunfire Electric_piano
0b32ee85.wav,Cello Acoustic_guitar Gong
0b38f744.wav,Hi-hat Fireworks Shatter
0b3c86c9.wav,Tearing Writing Fireworks
0b430780.wav,Snare_drum Fart Gunshot_or_gunfire
0b495758.wav,Fireworks Shatter Snare_drum
0b4bb93c.wav,Tambourine Hi-hat Keys_jangling
0b50d4c8.wav,Bus Acoustic_guitar Cello
0b58b074.wav,Cowbell Hi-hat Shatter
0b58c7e9.wav,Cello Violin_or_fiddle Clarinet
0b5fb43f.wav,Cello Laughter Flute
0b62b09f.wav,Oboe Clarinet Saxophone
0b752229.wav,Cough Writing Squeak
0b763e4f.wav,Oboe Trumpet Clarinet
0b79fdea.wav,Tambourine Hi-hat Keys_jangling
0b7b694c.wav,Drawer_open_or_close Fireworks Writing
0b8844bd.wav,Cello Acoustic_guitar Violin_or_fiddle
0b8b79ad.wav,Fart Burping_or_eructation Laughter
0b8dfa34.wav,Oboe Clarinet Flute
0b9415cd.wav,Oboe Clarinet Flute
0ba34dec.wav,Clarinet Flute Violin_or_fiddle
0baa37ed.wav,Shatter Hi-hat Snare_drum
0bb6a21d.wav,Cello Flute Violin_or_fiddle
0bb807c0.wav,Violin_or_fiddle Electric_piano Cello
0bc52ede.wav,Clarinet Saxophone Flute
0bc8ad78.wav,Finger_snapping Computer_keyboard Writing
0bc938fb.wav,Cello Double_bass Acoustic_guitar
0bd5adf9.wav,Tearing Writing Squeak
0bdc064a.wav,Clarinet Oboe Violin_or_fiddle
0be5aa79.wav,Bass_drum Gunshot_or_gunfire Snare_drum
0be7620d.wav,Bass_drum Knock Electric_piano
0beb8325.wav,Oboe Clarinet Violin_or_fiddle
0bec9842.wav,Clarinet Saxophone Violin_or_fiddle
0befc5cb.wav,Meow Laughter Trumpet
0bf9fbd3.wav,Bass_drum Hi-hat Knock
0c13feb9.wav,Burping_or_eructation Cough Gunshot_or_gunfire
0c1bb3e9.wav,Oboe Clarinet Flute
0c1fbece.wav,Trumpet Oboe Saxophone
0c27bc2d.wav,Acoustic_guitar Bus Cello
0c31ca4c.wav,Flute Clarinet Saxophone
0c3b5861.wav,Clarinet Cello Saxophone
0c3dfac0.wav,Cello Clarinet Violin_or_fiddle
0c40bbb0.wav,Bass_drum Knock Hi-hat
0c4de54a.wav,Violin_or_fiddle Glockenspiel Clarinet
0c561099.wav,Trumpet Oboe Saxophone
0c58f71a.wav,Clarinet Saxophone Violin_or_fiddle
0c654cc0.wav,Trumpet Oboe Harmonica
0c6ccd3a.wav,Clarinet Oboe Violin_or_fiddle
0c7311f7.wav,Oboe Flute Clarinet
0c736a0f.wav,Trumpet Oboe Saxophone
0c7a124d.wav,Cello Clarinet Violin_or_fiddle
0c7a8b1b.wav,Clarinet Oboe Violin_or_fiddle
0c7c51fa.wav,Snare_drum Double_bass Knock
0c8071a4.wav,Bass_drum Knock Writing
0c80cb97.wav,Trumpet Oboe Saxophone
0c80f6dc.wav,Bass_drum Knock Computer_keyboard
0c91a6b2.wav,Violin_or_fiddle Harmonica Squeak
0c9250b8.wav,Bass_drum Knock Snare_drum
0ca5bba6.wav,Hi-hat Glockenspiel Fireworks
0cb0d029.wav,Bark Laughter Cough
0cb48b8e.wav,Glockenspiel Clarinet Flute
0cb5b4a8.wav,Bass_drum Knock Electric_piano
0cbe7e42.wav,Glockenspiel Violin_or_fiddle Flute
0cc0af58.wav,Cello Double_bass Acoustic_guitar
0cd0ec27.wav,Bass_drum Electric_piano Gunshot_or_gunfire
0cd0f2ef.wav,Fireworks Burping_or_eructation Bus
0ce09e4a.wav,Flute Clarinet Saxophone
0ce127f9.wav,Harmonica Applause Hi-hat
0ceaab13.wav,Knock Bass_drum Hi-hat
0ceb2140.wav,Bark Squeak Laughter
0cec29e8.wav,Violin_or_fiddle Flute Clarinet
0cefa487.wav,Acoustic_guitar Cello Bus
0cf2bcda.wav,Squeak Fart Cello
0cf319fa.wav,Clarinet Saxophone Violin_or_fiddle
0cf34718.wav,Clarinet Saxophone Flute
0cf34f6e.wav,Burping_or_eructation Drawer_open_or_close Shatter
0d056139.wav,Drawer_open_or_close Acoustic_guitar Fireworks
0d1bf5b4.wav,Tearing Fart Squeak
0d20e8f7.wav,Computer_keyboard Fireworks Bass_drum
0d23dd3a.wav,Clarinet Oboe Flute
0d242640.wav,Saxophone Clarinet Flute
0d2d13b7.wav,Hi-hat Glockenspiel Fireworks
0d34cc5a.wav,Shatter Drawer_open_or_close Snare_drum
0d415918.wav,Shatter Trumpet Snare_drum
0d449433.wav,Bass_drum Knock Electric_piano
0d4ca47e.wav,Cowbell Hi-hat Shatter
0d5bb142.wav,Oboe Clarinet Violin_or_fiddle
0d6e2584.wav,Cough Laughter Violin_or_fiddle
0d7549a4.wav,Gong Telephone Saxophone
0d7f7f76.wav,Cello Acoustic_guitar Gong
0d89b6a4.wav,Clarinet Saxophone Violin_or_fiddle
0d8d0cbd.wav,Tearing Shatter Scissors
0d90d498.wav,Bass_drum Knock Hi-hat
0d950fc6.wav,Bass_drum Knock Hi-hat
0d976b22.wav,Bass_drum Hi-hat Gunshot_or_gunfire
0d98574f.wav,Cello Clarinet Violin_or_fiddle
0d99cfde.wav,Oboe Trumpet Clarinet
0d9de265.wav,Clarinet Oboe Saxophone
0da2acf4.wav,Fart Tearing Burping_or_eructation
0da592f2.wav,Clarinet Oboe Flute
0daa7a68.wav,Bass_drum Knock Hi-hat
0db0fb36.wav,Computer_keyboard Writing Knock
0db21ee8.wav,Clarinet Saxophone Oboe
0db35f79.wav,Bass_drum Hi-hat Knock
0db65bf4.wav,Clarinet Saxophone Violin_or_fiddle
0db6ac5f.wav,Oboe Clarinet Cello
0dbb37b3.wav,Flute Violin_or_fiddle Cello
0dc193fe.wav,Tearing Shatter Keys_jangling
0dc7fd72.wav,Bass_drum Hi-hat Knock
0dd0e034.wav,Cello Violin_or_fiddle Acoustic_guitar
0dd68380.wav,Snare_drum Microwave_oven Knock
0de4b9f0.wav,Double_bass Cello Acoustic_guitar
0def8cc7.wav,Clarinet Cello Violin_or_fiddle
0df38dfd.wav,Cello Acoustic_guitar Saxophone
0e06ba41.wav,Bus Fireworks Acoustic_guitar
0e12c15c.wav,Hi-hat Glockenspiel Fireworks
0e1bd033.wav,Applause Fireworks Harmonica
0e23a6f4.wav,Tearing Keys_jangling Finger_snapping
0e26ccc9.wav,Tearing Burping_or_eructation Fart
0e2d428f.wav,Clarinet Saxophone Flute
0e2ff60a.wav,Clarinet Saxophone Violin_or_fiddle
0e373704.wav,Violin_or_fiddle Flute Squeak
0e398b30.wav,Oboe Violin_or_fiddle Clarinet
0e3b99ce.wav,Burping_or_eructation Laughter Writing
0e3cdc5d.wav,Cello Acoustic_guitar Double_bass
0e3d8062.wav,Shatter Tearing Hi-hat
0e45be94.wav,Double_bass Cello Acoustic_guitar
0e468de3.wav,Bass_drum Knock Keys_jangling
0e507ea4.wav,Oboe Clarinet Flute
0e5184a9.wav,Cello Acoustic_guitar Gong
0e551b02.wav,Cello Acoustic_guitar Violin_or_fiddle
0e596194.wav,Clarinet Saxophone Violin_or_fiddle
0e596a0b.wav,Bass_drum Knock Snare_drum
0e5a2f7e.wav,Bass_drum Knock Hi-hat
0e5e9be8.wav,Bass_drum Double_bass Electric_piano
0e666b44.wav,Clarinet Saxophone Cello
0e6a2b2e.wav,Harmonica Hi-hat Violin_or_fiddle
0e70bdaa.wav,Clarinet Saxophone Violin_or_fiddle
0e722a03.wav,Bass_drum Hi-hat Knock
0e7aea38.wav,Violin_or_fiddle Cowbell Trumpet
0e7d6e2d.wav,Clarinet Saxophone Violin_or_fiddle
0e7e36b2.wav,Bass_drum Knock Hi-hat
0e889160.wav,Bass_drum Knock Hi-hat
0e8ccc81.wav,Cello Violin_or_fiddle Acoustic_guitar
0e95fbb5.wav,Clarinet Saxophone Violin_or_fiddle
0e9c6c50.wav,Acoustic_guitar Fireworks Bus
0ea36a9f.wav,Clarinet Oboe Flute
0ea9839a.wav,Bass_drum Knock Electric_piano
0eb8b04e.wav,Bass_drum Gunshot_or_gunfire Fart
0ec5f052.wav,Oboe Trumpet Saxophone
0ed387f3.wav,Hi-hat Shatter Tearing
0edbfc63.wav,Saxophone Clarinet Violin_or_fiddle
0eead3a5.wav,Bass_drum Knock Double_bass
0ef36ea1.wav,Saxophone Harmonica Violin_or_fiddle
0f0b1ca2.wav,Cello Double_bass Acoustic_guitar
0f0d26ff.wav,Violin_or_fiddle Flute Clarinet
0f0e6fcb.wav,Bass_drum Knock Writing
0f186af1.wav,Cello Snare_drum Acoustic_guitar
0f1b4552.wav,Burping_or_eructation Fart Bark
0f3786e3.wav,Bus Acoustic_guitar Cello
0f3ac4c8.wav,Tearing Keys_jangling Scissors
0f45b11a.wav,Bass_drum Knock Hi-hat
0f4db823.wav,Finger_snapping Shatter Computer_keyboard
0f4edd6e.wav,Tearing Writing Squeak
0f5182eb.wav,Shatter Tearing Burping_or_eructation
0f53de64.wav,Writing Knock Computer_keyboard
0f54592d.wav,Writing Computer_keyboard Shatter
0f545c0a.wav,Oboe Flute Clarinet
0f5d35da.wav,Bass_drum Hi-hat Knock
0f6b702d.wav,Laughter Cough Bark
0f6bd0ae.wav,Hi-hat Shatter Trumpet
0f6dd6d8.wav,Flute Clarinet Saxophone
0f7080a5.wav,Flute Laughter Bark
0f712cb7.wav,Oboe Clarinet Flute
0f7784da.wav,Tambourine Chime Hi-hat
0f784c9c.wav,Hi-hat Shatter Tearing
0f826ebb.wav,Bus Gong Acoustic_guitar
0f9ff067.wav,Bass_drum Hi-hat Knock
0fac704f.wav,Writing Tearing Scissors
0fae3120.wav,Saxophone Clarinet Flute
0fba4394.wav,Cello Acoustic_guitar Double_bass
0fc2e748.wav,Trumpet Oboe Saxophone
0fc6872b.wav,Fart Burping_or_eructation Cough
0fcc66b7.wav,Cello Clarinet Violin_or_fiddle
0fcd2371.wav,Applause Tearing Shatter
0fd0464f.wav,Laughter Flute Clarinet
0fd07de6.wav,Bass_drum Knock Electric_piano
0fd76662.wav,Clarinet Saxophone Flute
0fe4be7c.wav,Knock Bass_drum Double_bass
0fe4e425.wav,Oboe Trumpet Clarinet
0feb250e.wav,Knock Bass_drum Keys_jangling
10010bbd.wav,Violin_or_fiddle Flute Trumpet
10039900.wav,Clarinet Saxophone Flute
10098579.wav,Cello Violin_or_fiddle Double_bass
100c5246.wav,Oboe Trumpet Clarinet
10109319.wav,Bark Harmonica Laughter
10121a69.wav,Hi-hat Gong Shatter
10145c52.wav,Tambourine Chime Hi-hat
10145c60.wav,Knock Bass_drum Writing
101c0bd4.wav,Oboe Harmonica Trumpet
1023611b.wav,Knock Snare_drum Microwave_oven
10252b9e.wav,Saxophone Flute Clarinet
103bac20.wav,Bass_drum Hi-hat Knock
104489a6.wav,Violin_or_fiddle Oboe Flute
10480421.wav,Bass_drum Hi-hat Electric_piano
1048ea58.wav,Acoustic_guitar Electric_piano Bus
1050c329.wav,Hi-hat Shatter Trumpet
1054db8c.wav,Clarinet Oboe Saxophone
1057f6f9.wav,Fireworks Squeak Meow
106c682c.wav,Bass_drum Knock Hi-hat
1071703e.wav,Oboe Trumpet Clarinet
10729c8a.wav,Bark Harmonica Flute
1079e2d1.wav,Bass_drum Gunshot_or_gunfire Electric_piano
107e3cbe.wav,Cello Double_bass Acoustic_guitar
108b5bef.wav,Cowbell Gong Squeak
109321f2.wav,Double_bass Cello Acoustic_guitar
10949041.wav,Gong Acoustic_guitar Cello
1099a7a8.wav,Trumpet Oboe Harmonica
10d3b2ec.wav,Clarinet Saxophone Flute
10d5c4ce.wav,Hi-hat Glockenspiel Fireworks
10d73c58.wav,Clarinet Oboe Violin_or_fiddle
10d9053b.wav,Laughter Bark Squeak
10d9265f.wav,Cello Double_bass Acoustic_guitar
10dba05f.wav,Bark Saxophone Clarinet
10dddec0.wav,Writing Laughter Meow
10e46486.wav,Oboe Flute Clarinet
10f6ad27.wav,Clarinet Oboe Violin_or_fiddle
11041746.wav,Bass_drum Gunshot_or_gunfire Hi-hat
111dd875.wav,Cello Acoustic_guitar Gong
112283e8.wav,Finger_snapping Shatter Tearing
1122c26f.wav,Clarinet Oboe Violin_or_fiddle
112da824.wav,Bass_drum Fireworks Knock
11338182.wav,Drawer_open_or_close Shatter Cough
113b0e32.wav,Acoustic_guitar Cello Gong
113d2ca9.wav,Hi-hat Fireworks Harmonica
1141793d.wav,Bass_drum Gunshot_or_gunfire Electric_piano
11442d0e.wav,Cello Double_bass Violin_or_fiddle
1146e063.wav,Cello Acoustic_guitar Violin_or_fiddle
11544687.wav,Bass_drum Knock Electric_piano
115a258b.wav,Violin_or_fiddle Flute Clarinet
115aa41f.wav,Hi-hat Shatter Trumpet
116b77d5.wav,Bark Cough Squeak
11704d14.wav,Shatter Trumpet Hi-hat
11770392.wav,Hi-hat Shatter Fireworks
117dcac8.wav,Cough Drawer_open_or_close Microwave_oven
11844b37.wav,Clarinet Cello Saxophone
11867b61.wav,Oboe Flute Clarinet
1189cf83.wav,Fart Shatter Squeak
118f1763.wav,Saxophone Clarinet Flute
11986117.wav,Bass_drum Knock Hi-hat
119a3278.wav,Fireworks Drawer_open_or_close Shatter
11a10ce8.wav,Clarinet Saxophone Violin_or_fiddle
11a4f814.wav,Bass_drum Knock Gunshot_or_gunfire
11ae787e.wav,Squeak Tearing Meow
11cc6d11.wav,Trumpet Oboe Saxophone
11e6a1ec.wav,Bass_drum Gunshot_or_gunfire Electric_piano
11e80486.wav,Bus Acoustic_guitar Cello
11e95378.wav,Bass_drum Knock Hi-hat
11edc852.wav,Drawer_open_or_close Gunshot_or_gunfire Acoustic_guitar
11f661bd.wav,Fart Tearing Keys_jangling
11f6b674.wav,Bass_drum Knock Hi-hat
11fa11a0.wav,Oboe Clarinet Violin_or_fiddle
12034b1a.wav,Clarinet Violin_or_fiddle Cello
120c7292.wav,Clarinet Saxophone Violin_or_fiddle
1221a798.wav,Clarinet Saxophone Violin_or_fiddle
122abe8c.wav,Squeak Gong Violin_or_fiddle
122f1508.wav,Saxophone Clarinet Flute
12394644.wav,Tearing Keys_jangling Scissors
123986b6.wav,Violin_or_fiddle Cowbell Burping_or_eructation
1242ac46.wav,Saxophone Clarinet Flute
1248a779.wav,Bass_drum Gunshot_or_gunfire Snare_drum
1248f9e2.wav,Cello Acoustic_guitar Gong
12508a7b.wav,Tearing Keys_jangling Writing
12584f90.wav,Cello Double_bass Saxophone
125c89cb.wav,Hi-hat Fireworks Glockenspiel
125dccd9.wav,Writing Tearing Scissors
12679aee.wav,Oboe Clarinet Flute
126a48d2.wav,Oboe Trumpet Saxophone
1271e7aa.wav,Cello Violin_or_fiddle Acoustic_guitar
12770ffc.wav,Saxophone Telephone Flute
12798b6a.wav,Knock Keys_jangling Writing
127a43ec.wav,Oboe Clarinet Flute
127d3803.wav,Flute Violin_or_fiddle Clarinet
12a0327a.wav,Clarinet Saxophone Violin_or_fiddle
12a83756.wav,Acoustic_guitar Cough Writing
12ac9a66.wav,Knock Writing Bass_drum
12adec75.wav,Keys_jangling Tearing Fart
12ae3ff9.wav,Bass_drum Knock Electric_piano
12bb4b63.wav,Clarinet Saxophone Flute
12bf9735.wav,Oboe Clarinet Flute
12bfa703.wav,Cello Clarinet Violin_or_fiddle
12c73c11.wav,Hi-hat Shatter Trumpet
12d71e7f.wav,Shatter Tearing Keys_jangling
12d94273.wav,Double_bass Cello Bass_drum
12e91a56.wav,Bass_drum Knock Hi-hat
12ed3971.wav,Oboe Trumpet Clarinet
12edfe79.wav,Oboe Saxophone Trumpet
12f5ec05.wav,Glockenspiel Electric_piano Gong
12f71a9d.wav,Trumpet Oboe Saxophone
12f9efda.wav,Computer_keyboard Bass_drum Fireworks
12fb2e35.wav,Applause Shatter Fireworks
130112d1.wav,Hi-hat Shatter Trumpet
1302eade.wav,Electric_piano Double_bass Violin_or_fiddle
130988c6.wav,Cello Double_bass Violin_or_fiddle
13184046.wav,Violin_or_fiddle Flute Oboe
13331371.wav,Cello Double_bass Violin_or_fiddle
13354f83.wav,Squeak Microwave_oven Telephone
133599c8.wav,Trumpet Hi-hat Tambourine
13371a0b.wav,Oboe Clarinet Trumpet
133a1dac.wav,Tearing Keys_jangling Shatter
13489639.wav,Oboe Flute Clarinet
138bb73e.wav,Violin_or_fiddle Clarinet Flute
1391b6b2.wav,Squeak Burping_or_eructation Fireworks
13979584.wav,Knock Bass_drum Computer_keyboard
139ab603.wav,Glockenspiel Violin_or_fiddle Clarinet
139aebb0.wav,Saxophone Clarinet Flute
13a6fa65.wav,Acoustic_guitar Laughter Snare_drum
13a9b494.wav,Cello Acoustic_guitar Saxophone
13b9e681.wav,Hi-hat Fireworks Shatter
13bd9ca7.wav,Shatter Tearing Applause
13c4e7ef.wav,Bark Applause Laughter
13c6f3c2.wav,Bass_drum Hi-hat Double_bass
13cc0201.wav,Oboe Clarinet Flute
13d4af26.wav,Clarinet Saxophone Violin_or_fiddle
13d5aec7.wav,Cello Acoustic_guitar Gong
13d6fb26.wav,Bass_drum Knock Hi-hat
13e1e624.wav,Bus Cello Acoustic_guitar
13e2b96a.wav,Oboe Clarinet Saxophone
13e4f495.wav,Clarinet Saxophone Violin_or_fiddle
13ee85d2.wav,Knock Bass_drum Tearing
13f663b3.wav,Trumpet Oboe Saxophone
14031155.wav,Bark Clarinet Violin_or_fiddle
14041984.wav,Applause Fireworks Shatter
140d79b0.wav,Clarinet Saxophone Violin_or_fiddle
14182f8e.wav,Violin_or_fiddle Snare_drum Trumpet
141a7b5d.wav,Cello Violin_or_fiddle Saxophone
141d4ba2.wav,Oboe Clarinet Flute
142258b7.wav,Flute Saxophone Clarinet
1437b371.wav,Oboe Flute Clarinet
143feb4e.wav,Finger_snapping Computer_keyboard Shatter
144157e4.wav,Tearing Writing Knock
14448a8a.wav,Snare_drum Violin_or_fiddle Hi-hat
1457e269.wav,Clarinet Saxophone Violin_or_fiddle
1460cf8c.wav,Clarinet Saxophone Violin_or_fiddle
1467ad73.wav,Cello Acoustic_guitar Double_bass
1472c52c.wav,Double_bass Electric_piano Bass_drum
147b4b92.wav,Trumpet Oboe Saxophone
14825a40.wav,Hi-hat Glockenspiel Fireworks
14973511.wav,Oboe Flute Clarinet
14a35fad.wav,Laughter Writing Cough
14a40516.wav,Clarinet Saxophone Violin_or_fiddle
14acb290.wav,Bass_drum Knock Hi-hat
14acdf0f.wav,Cough Drawer_open_or_close Snare_drum
14b028c5.wav,Oboe Violin_or_fiddle Clarinet
14ba2025.wav,Glockenspiel Violin_or_fiddle Flute
14bb9803.wav,Cello Acoustic_guitar Gong
14bbc9cf.wav,Electric_piano Glockenspiel Acoustic_guitar
14bd9082.wav,Cello Double_bass Acoustic_guitar
14c45684.wav,Saxophone Telephone Tambourine
14c6a761.wav,Bass_drum Knock Tearing
14c71e9e.wav,Clarinet Saxophone Violin_or_fiddle
14cd4f75.wav,Oboe Clarinet Flute
14d6a6a0.wav,Bass_drum Knock Fireworks
14dcf709.wav,Clarinet Saxophone Trumpet
14e7e9ac.wav,Gunshot_or_gunfire Snare_drum Shatter
14f70585.wav,Clarinet Violin_or_fiddle Flute
14f708da.wav,Snare_drum Knock Microwave_oven
1502179d.wav,Cello Violin_or_fiddle Clarinet
150429d6.wav,Saxophone Clarinet Flute
150e1dd2.wav,Saxophone Clarinet Flute
151254c2.wav,Clarinet Saxophone Violin_or_fiddle
15125f5f.wav,Knock Bass_drum Writing
15139a13.wav,Cello Squeak Meow
1515bb19.wav,Clarinet Flute Saxophone
15184f5f.wav,Clarinet Cello Violin_or_fiddle
15190a5f.wav,Cello Acoustic_guitar Double_bass
1519b35f.wav,Shatter Finger_snapping Hi-hat
15295b70.wav,Violin_or_fiddle Clarinet Oboe
152f3667.wav,Bass_drum Knock Hi-hat
15345e4a.wav,Flute Clarinet Violin_or_fiddle
15389a70.wav,Clarinet Violin_or_fiddle Saxophone
153a0440.wav,Clarinet Saxophone Cello
153f814a.wav,Knock Trumpet Tambourine
1545d3db.wav,Bus Acoustic_guitar Double_bass
15603fd9.wav,Cello Violin_or_fiddle Clarinet
15719ed6.wav,Violin_or_fiddle Clarinet Flute
15750f4b.wav,Violin_or_fiddle Squeak Flute
158607fd.wav,Fart Tearing Burping_or_eructation
15860b48.wav,Flute Clarinet Oboe
158a30ac.wav,Acoustic_guitar Double_bass Bus
158bd28f.wav,Bass_drum Electric_piano Double_bass
159e8bfb.wav,Hi-hat Gong Shatter
15af3daf.wav,Tearing Burping_or_eructation Drawer_open_or_close
15ba6e85.wav,Gong Hi-hat Trumpet
15bc9bf6.wav,Bass_drum Knock Hi-hat
15bfb7ad.wav,Snare_drum Violin_or_fiddle Double_bass
15ce5db3.wav,Knock Acoustic_guitar Snare_drum
15d87509.wav,Oboe Violin_or_fiddle Clarinet
15df8abd.wav,Clarinet Saxophone Oboe
15f246da.wav,Bass_drum Knock Hi-hat
15f4101c.wav,Acoustic_guitar Cello Bus
15f5c90b.wav,Flute Bark Applause
15f6fc67.wav,Bass_drum Acoustic_guitar Gunshot_or_gunfire
160853bc.wav,Fireworks Burping_or_eructation Writing
160f466f.wav,Trumpet Oboe Saxophone
1615df90.wav,Hi-hat Tambourine Shatter
161d4ab4.wav,Bass_drum Knock Snare_drum
162e8246.wav,Clarinet Saxophone Violin_or_fiddle
16345547.wav,Harmonica Trumpet Applause
16348aa9.wav,Acoustic_guitar Cello Flute
163b9ad7.wav,Violin_or_fiddle Cowbell Trumpet
16431ede.wav,Bass_drum Knock Hi-hat
164b4c89.wav,Hi-hat Glockenspiel Fireworks
164f3510.wav,Cello Violin_or_fiddle Clarinet
165bc5ea.wav,Shatter Hi-hat Tearing
16612ee5.wav,Violin_or_fiddle Cello Clarinet
166649ff.wav,Harmonica Applause Trumpet
166699d1.wav,Applause Fireworks Trumpet
167438db.wav,Applause Shatter Trumpet
1674eaff.wav,Cello Double_bass Acoustic_guitar
16750658.wav,Knock Writing Snare_drum
167d07c1.wav,Hi-hat Shatter Trumpet
168dde05.wav,Cello Clarinet Violin_or_fiddle
169187fd.wav,Tearing Keys_jangling Shatter
1692752a.wav,Fireworks Squeak Burping_or_eructation
16991fc7.wav,Oboe Clarinet Flute
1699bae8.wav,Bass_drum Hi-hat Knock
16a2e687.wav,Cello Double_bass Fireworks
16aaa6b7.wav,Tambourine Keys_jangling Chime
16bd65e1.wav,Bass_drum Gunshot_or_gunfire Fireworks
16bd8f47.wav,Trumpet Oboe Saxophone
16c01f9b.wav,Clarinet Saxophone Violin_or_fiddle
16c8058b.wav,Fart Gunshot_or_gunfire Snare_drum
16cda087.wav,Trumpet Violin_or_fiddle Applause
16cf8831.wav,Flute Harmonica Violin_or_fiddle
16d0c74a.wav,Glockenspiel Electric_piano Gong
16d4034a.wav,Finger_snapping Shatter Computer_keyboard
16e89d43.wav,Shatter Hi-hat Snare_drum
16ec0be8.wav,Clarinet Violin_or_fiddle Oboe
16f71d9e.wav,Hi-hat Shatter Gong
170e0bb1.wav,Cello Acoustic_guitar Gong
170ee500.wav,Knock Bass_drum Computer_keyboard
170f53d8.wav,Shatter Tearing Hi-hat
17153cf6.wav,Acoustic_guitar Snare_drum Bass_drum
171d5e5d.wav,Fart Burping_or_eructation Tearing
1723feb0.wav,Bass_drum Gunshot_or_gunfire Fireworks
17312128.wav,Electric_piano Bass_drum Gunshot_or_gunfire
17356873.wav,Cello Acoustic_guitar Gong
173e49ef.wav,Oboe Violin_or_fiddle Flute
173ea625.wav,Flute Saxophone Cello
17455a79.wav,Snare_drum Knock Bass_drum
17490d6b.wav,Bass_drum Hi-hat Knock
174b0363.wav,Oboe Clarinet Violin_or_fiddle
17511eae.wav,Trumpet Oboe Saxophone
1760e135.wav,Double_bass Cello Knock
17617f21.wav,Bass_drum Acoustic_guitar Double_bass
17674111.wav,Knock Bass_drum Writing
176e2113.wav,Trumpet Saxophone Microwave_oven
1771861b.wav,Writing Knock Computer_keyboard
17744d78.wav,Squeak Gong Violin_or_fiddle
1779afe8.wav,Acoustic_guitar Bus Gong
177ce933.wav,Hi-hat Squeak Gong
177f344a.wav,Tearing Burping_or_eructation Shatter
1781c115.wav,Laughter Bark Cello
1788e6f6.wav,Tearing Shatter Applause
17955a9f.wav,Knock Bass_drum Snare_drum
1796f9cb.wav,Oboe Saxophone Clarinet
17985dae.wav,Bass_drum Gunshot_or_gunfire Hi-hat
17a4e6f1.wav,Glockenspiel Electric_piano Gong
17a5de4f.wav,Oboe Clarinet Violin_or_fiddle
17a87178.wav,Clarinet Saxophone Flute
17ad9090.wav,Oboe Flute Clarinet
17b474ef.wav,Cello Double_bass Acoustic_guitar
17b61ce8.wav,Bass_drum Knock Snare_drum
17c07953.wav,Double_bass Cello Acoustic_guitar
17c3c741.wav,Hi-hat Shatter Tearing
17c6a405.wav,Applause Keys_jangling Fireworks
17cb084e.wav,Bark Laughter Flute
17cf92a5.wav,Hi-hat Shatter Trumpet
17cfddcf.wav,Violin_or_fiddle Trumpet Knock
17d75970.wav,Oboe Clarinet Trumpet
17dba240.wav,Bass_drum Gunshot_or_gunfire Fireworks
17e3144e.wav,Violin_or_fiddle Flute Harmonica
17e829a7.wav,Finger_snapping Computer_keyboard Scissors
17edf1e0.wav,Fart Fireworks Gunshot_or_gunfire
17ee3009.wav,Clarinet Oboe Violin_or_fiddle
17fc511c.wav,Hi-hat Shatter Trumpet
18063bf0.wav,Bass_drum Gunshot_or_gunfire Electric_piano
1806ff82.wav,Bass_drum Hi-hat Knock
180d82cc.wav,Fart Tearing Burping_or_eructation
1810cd33.wav,Oboe Harmonica Violin_or_fiddle
181505d1.wav,Clarinet Saxophone Violin_or_fiddle
1819a7b7.wav,Gong Trumpet Fireworks
18210526.wav,Bass_drum Knock Hi-hat
18229e72.wav,Hi-hat Gong Shatter
18253631.wav,Bass_drum Gunshot_or_gunfire Fart
1837f058.wav,Knock Snare_drum Writing
18452dbe.wav,Fart Tearing Burping_or_eructation
184c3a72.wav,Tearing Keys_jangling Knock
1850e006.wav,Tearing Fart Squeak
1858f370.wav,Double_bass Fireworks Cello
1874843c.wav,Oboe Trumpet Saxophone
187532f8.wav,Saxophone Flute Clarinet
187d9e6e.wav,Snare_drum Acoustic_guitar Knock
187e3878.wav,Bass_drum Knock Fireworks
18841b79.wav,Clarinet Violin_or_fiddle Saxophone
18885439.wav,Glockenspiel Violin_or_fiddle Clarinet
189441e1.wav,Writing Laughter Bark
1898f7b6.wav,Snare_drum Shatter Microwave_oven
18a625d3.wav,Trumpet Squeak Laughter
18a6df57.wav,Cello Acoustic_guitar Clarinet
18b27945.wav,Violin_or_fiddle Flute Harmonica
18b390aa.wav,Violin_or_fiddle Cowbell Cello
18b60e7c.wav,Keys_jangling Tearing Fart
18b6a781.wav,Clarinet Oboe Saxophone
18bc04e0.wav,Fireworks Acoustic_guitar Snare_drum
18bc6c72.wav,Gong Cello Acoustic_guitar
18c8750a.wav,Clarinet Oboe Violin_or_fiddle
18d60f74.wav,Glockenspiel Electric_piano Cello
18d8abc6.wav,Violin_or_fiddle Clarinet Cello
18de723e.wav,Cello Bus Acoustic_guitar
18e228c9.wav,Shatter Tearing Hi-hat
18e2418d.wav,Oboe Trumpet Clarinet
18e3eb8c.wav,Cello Acoustic_guitar Gong
18e8e2ac.wav,Clarinet Cello Oboe
18ea036e.wav,Cello Acoustic_guitar Violin_or_fiddle
18f3a477.wav,Fireworks Burping_or_eructation Applause
18f56a28.wav,Clarinet Saxophone Violin_or_fiddle
190cd2ef.wav,Double_bass Cello Acoustic_guitar
190f0ca0.wav,Clarinet Saxophone Flute
191087dd.wav,Hi-hat Tambourine Shatter
19125f06.wav,Tambourine Hi-hat Keys_jangling
1919c4b7.wav,Violin_or_fiddle Flute Cello
19202922.wav,Clarinet Saxophone Violin_or_fiddle
192b0f83.wav,Oboe Trumpet Saxophone
192d38cf.wav,Oboe Clarinet Flute
192ddfa1.wav,Tearing Keys_jangling Writing
19390e56.wav,Shatter Computer_keyboard Trumpet
193d9d2a.wav,Knock Snare_drum Drawer_open_or_close
19416771.wav,Burping_or_eructation Laughter Fart
19488282.wav,Oboe Trumpet Saxophone
194d4fda.wav,Tearing Shatter Squeak
19507c1a.wav,Bass_drum Knock Hi-hat
19536d06.wav,Finger_snapping Computer_keyboard Keys_jangling
19544e43.wav,Acoustic_guitar Glockenspiel Cello
19570da6.wav,Shatter Trumpet Violin_or_fiddle
195b0c65.wav,Bass_drum Knock Hi-hat
197366a1.wav,Bass_drum Knock Hi-hat
198e4540.wav,Clarinet Saxophone Flute
19a120d3.wav,Tearing Fart Shatter
19a2a5c8.wav,Gong Bus Cello
19a316cc.wav,Bass_drum Knock Hi-hat
19a33fef.wav,Clarinet Saxophone Violin_or_fiddle
19a37eff.wav,Clarinet Violin_or_fiddle Saxophone
19a686e2.wav,Cello Violin_or_fiddle Double_bass
19afe1a7.wav,Drawer_open_or_close Snare_drum Acoustic_guitar
19b5d0da.wav,Snare_drum Knock Drawer_open_or_close
19b7eea0.wav,Tearing Shatter Burping_or_eructation
19bb6cb7.wav,Oboe Flute Violin_or_fiddle
19bf2ce6.wav,Bass_drum Knock Computer_keyboard
19c7d5e3.wav,Oboe Clarinet Flute
19c987c6.wav,Hi-hat Shatter Trumpet
19d11a47.wav,Oboe Clarinet Flute
19d3f305.wav,Gunshot_or_gunfire Fart Drawer_open_or_close
19d4d324.wav,Snare_drum Knock Gunshot_or_gunfire
19d99b8e.wav,Saxophone Clarinet Flute
19dd0adf.wav,Hi-hat Fireworks Glockenspiel
19de8357.wav,Cello Violin_or_fiddle Double_bass
19e18ee3.wav,Harmonica Meow Squeak
19e6b24a.wav,Flute Cello Laughter
19e6ef89.wav,Tearing Shatter Fart
19e9e878.wav,Fart Burping_or_eructation Shatter
1a01aa4d.wav,Clarinet Oboe Flute
1a1227e2.wav,Bass_drum Gunshot_or_gunfire Snare_drum
1a14b601.wav,Oboe Clarinet Flute
1a1da2bf.wav,Oboe Trumpet Clarinet
1a21ea60.wav,Knock Bass_drum Snare_drum
1a281fda.wav,Laughter Flute Clarinet
1a29b341.wav,Knock Writing Fireworks
1a2f7f1a.wav,Bark Flute Clarinet
1a33953a.wav,Drawer_open_or_close Writing Cough
1a35ff8a.wav,Hi-hat Shatter Trumpet
1a397af4.wav,Cello Violin_or_fiddle Acoustic_guitar
1a3cf6de.wav,Cello Acoustic_guitar Squeak
1a4085ff.wav,Cello Violin_or_fiddle Acoustic_guitar
1a46e9e3.wav,Bass_drum Knock Double_bass
1a47fb84.wav,Oboe Trumpet Clarinet
1a4cd763.wav,Gong Bark Acoustic_guitar
1a52350b.wav,Violin_or_fiddle Glockenspiel Flute
1a74d00f.wav,Bass_drum Knock Hi-hat
1a7618a1.wav,Saxophone Oboe Clarinet
1a836d36.wav,Knock Snare_drum Bass_drum
1a862948.wav,Knock Snare_drum Trumpet
1a99c876.wav,Gong Squeak Violin_or_fiddle
1a9afa92.wav,Finger_snapping Tearing Scissors
1ab0c900.wav,Oboe Clarinet Flute
1ace26c4.wav,Applause Shatter Tearing
1ae0231e.wav,Bass_drum Knock Hi-hat
1ae2b5fa.wav,Violin_or_fiddle Flute Clarinet
1ae9b98d.wav,Cello Saxophone Acoustic_guitar
1af722d1.wav,Writing Fireworks Bus
1afb9f93.wav,Gong Squeak Telephone
1b004964.wav,Cello Acoustic_guitar Double_bass
1b098b97.wav,Bass_drum Knock Computer_keyboard
1b12b1e4.wav,Bark Clarinet Violin_or_fiddle
1b19cbdc.wav,Clarinet Saxophone Violin_or_fiddle
1b2cedea.wav,Bark Laughter Fireworks
1b2d2eb0.wav,Computer_keyboard Knock Bass_drum
1b31d71a.wav,Trumpet Oboe Saxophone
1b34f72f.wav,Oboe Clarinet Violin_or_fiddle
1b3e0883.wav,Saxophone Clarinet Flute
1b3e2c90.wav,Cello Violin_or_fiddle Gong
1b3ff3e3.wav,Oboe Trumpet Clarinet
1b493d48.wav,Violin_or_fiddle Snare_drum Cowbell
1b4fa840.wav,Bass_drum Knock Hi-hat
1b74b785.wav,Bass_drum Knock Hi-hat
1b75d261.wav,Finger_snapping Keys_jangling Scissors
1b7c4e2b.wav,Cowbell Violin_or_fiddle Trumpet
1b8034fc.wav,Cowbell Shatter Snare_drum
1b889126.wav,Bass_drum Knock Snare_drum
1b88d7ed.wav,Oboe Flute Clarinet
1b937248.wav,Bass_drum Gunshot_or_gunfire Electric_piano
1b9ea23e.wav,Cello Squeak Trumpet
1ba287ab.wav,Oboe Trumpet Clarinet
1ba7d175.wav,Harmonica Applause Hi-hat
1bae1f0b.wav,Cello Violin_or_fiddle Double_bass
1bb20333.wav,Gong Violin_or_fiddle Squeak
1be801e3.wav,Bass_drum Knock Hi-hat
1bf44f35.wav,Hi-hat Shatter Tearing
1bf693b4.wav,Fireworks Shatter Drawer_open_or_close
1bf6b145.wav,Flute Clarinet Saxophone
1bff2b1f.wav,Bass_drum Hi-hat Knock
1c01994c.wav,Writing Computer_keyboard Knock
1c0b1492.wav,Saxophone Violin_or_fiddle Clarinet
1c0bb5ac.wav,Bass_drum Fireworks Knock
1c1562b1.wav,Snare_drum Violin_or_fiddle Double_bass
1c30344f.wav,Oboe Flute Clarinet
1c317f0b.wav,Cello Double_bass Acoustic_guitar
1c35850e.wav,Violin_or_fiddle Harmonica Bark
1c365ceb.wav,Tearing Shatter Hi-hat
1c37d9ab.wav,Writing Laughter Bark
1c39822b.wav,Violin_or_fiddle Cello Flute
1c44cef3.wav,Snare_drum Gunshot_or_gunfire Drawer_open_or_close
1c4c454a.wav,Fart Squeak Gunshot_or_gunfire
1c538cbe.wav,Violin_or_fiddle Cowbell Snare_drum
1c55199a.wav,Flute Clarinet Oboe
1c661f20.wav,Trumpet Oboe Saxophone
1c664c64.wav,Double_bass Bass_drum Acoustic_guitar
1c67014c.wav,Saxophone Gong Harmonica
1c692b4d.wav,Trumpet Oboe Saxophone
1c71ef05.wav,Hi-hat Trumpet Shatter
1c75b34c.wav,Flute Clarinet Saxophone
1c8f42bf.wav,Hi-hat Shatter Fireworks
1c9ac38c.wav,Acoustic_guitar Bus Cello
1ca6610b.wav,Finger_snapping Keys_jangling Computer_keyboard
1cb0ba38.wav,Bass_drum Knock Hi-hat
1cb49809.wav,Glockenspiel Gong Electric_piano
1cb6cef9.wav,Bass_drum Knock Hi-hat
1cbc36e4.wav,Oboe Flute Clarinet
1cbdc6d4.wav,Gong Violin_or_fiddle Squeak
1cc8a3d5.wav,Knock Trumpet Tambourine
1cd4aae5.wav,Hi-hat Shatter Fireworks
1cdcfc87.wav,Bass_drum Hi-hat Knock
1ce16b1a.wav,Bark Squeak Harmonica
1ce5c4d8.wav,Hi-hat Glockenspiel Fireworks
1cff8cc1.wav,Knock Trumpet Writing
1cffd032.wav,Applause Fireworks Shatter
1d030689.wav,Cello Acoustic_guitar Gong
1d06734e.wav,Knock Bass_drum Acoustic_guitar
1d0efb5d.wav,Bass_drum Double_bass Gunshot_or_gunfire
1d12222d.wav,Cello Violin_or_fiddle Acoustic_guitar
1d15592d.wav,Bass_drum Knock Hi-hat
1d20d1a4.wav,Glockenspiel Electric_piano Gong
1d2efb23.wav,Gong Hi-hat Squeak
1d2f5756.wav,Glockenspiel Violin_or_fiddle Electric_piano
1d2feaeb.wav,Laughter Telephone Saxophone
1d34997d.wav,Hi-hat Shatter Chime
1d398ebc.wav,Oboe Cello Clarinet
1d49edfa.wav,Oboe Clarinet Trumpet
1d4afd29.wav,Clarinet Saxophone Flute
1d58ee7a.wav,Clarinet Saxophone Flute
1d5a7a99.wav,Violin_or_fiddle Harmonica Trumpet
1d5ecf23.wav,Cello Gong Acoustic_guitar
1d5f2c6b.wav,Bass_drum Knock Hi-hat
1d60166d.wav,Bass_drum Knock Writing
1d6703ef.wav,Flute Violin_or_fiddle Clarinet
1d6a839a.wav,Writing Computer_keyboard Knock
1d73513c.wav,Harmonica Squeak Bark
1d813ffe.wav,Bass_drum Hi-hat Electric_piano
1d834d42.wav,Bass_drum Fart Gunshot_or_gunfire
1d8fe11d.wav,Violin_or_fiddle Flute Clarinet
1d9090fc.wav,Cello Double_bass Fireworks
1d987419.wav,Cello Acoustic_guitar Double_bass
1d998952.wav,Clarinet Violin_or_fiddle Saxophone
1da6fc0c.wav,Knock Writing Shatter
1db18a10.wav,Hi-hat Gong Squeak
1db39661.wav,Bass_drum Knock Hi-hat
1db6e253.wav,Violin_or_fiddle Oboe Cello
1dba45ae.wav,Violin_or_fiddle Hi-hat Trumpet
1dc28976.wav,Tambourine Hi-hat Keys_jangling
1dc31ae5.wav,Hi-hat Fireworks Glockenspiel
1dccf3a3.wav,Knock Bass_drum Snare_drum
1dd17652.wav,Flute Saxophone Clarinet
1dd1d2d1.wav,Violin_or_fiddle Glockenspiel Clarinet
1dd84241.wav,Bass_drum Knock Hi-hat
1ddb2687.wav,Bass_drum Gunshot_or_gunfire Electric_piano
1de811ce.wav,Oboe Clarinet Flute
1dec0b63.wav,Tearing Shatter Scissors
1ded57a4.wav,Cello Acoustic_guitar Double_bass
1df6fd40.wav,Bass_drum Knock Hi-hat
1df8268c.wav,Fart Tearing Burping_or_eructation
1e0d2403.wav,Cello Acoustic_guitar Violin_or_fiddle
1e16cb1d.wav,Shatter Tearing Scissors
1e1b4d46.wav,Bass_drum Knock Hi-hat
1e30691f.wav,Clarinet Saxophone Violin_or_fiddle
1e337eda.wav,Clarinet Oboe Violin_or_fiddle
1e341076.wav,Cello Gong Trumpet
1e3ca391.wav,Clarinet Saxophone Violin_or_fiddle
1e429935.wav,Hi-hat Gong Shatter
1e446435.wav,Violin_or_fiddle Clarinet Flute
1e585e85.wav,Double_bass Cello Acoustic_guitar
1e5863c9.wav,Squeak Fart Gong
1e5a89bf.wav,Clarinet Saxophone Flute
1e698a4a.wav,Glockenspiel Violin_or_fiddle Electric_piano
1e6d6b12.wav,Fart Burping_or_eructation Tearing
1e6dbc30.wav,Cello Acoustic_guitar Glockenspiel
1e70367a.wav,Clarinet Saxophone Violin_or_fiddle
1e74131c.wav,Squeak Gong Hi-hat
1e8b3890.wav,Saxophone Clarinet Flute
1e8c9ea6.wav,Cello Saxophone Double_bass
1e8ff880.wav,Cello Violin_or_fiddle Clarinet
1e92e05a.wav,Burping_or_eructation Writing Fart
1ea4b244.wav,Bass_drum Gunshot_or_gunfire Electric_piano
1ea599c6.wav,Drawer_open_or_close Fireworks Snare_drum
1ec2eab8.wav,Burping_or_eructation Gunshot_or_gunfire Fart
1ec6c9c2.wav,Hi-hat Fireworks Harmonica
1ed7d644.wav,Clarinet Saxophone Violin_or_fiddle
1eddc154.wav,Cello Double_bass Acoustic_guitar
1ee01322.wav,Violin_or_fiddle Oboe Harmonica
1ee40c0c.wav,Trumpet Oboe Saxophone
1ee7ef83.wav,Cello Violin_or_fiddle Clarinet
1eeb38a7.wav,Clarinet Violin_or_fiddle Saxophone
1ef40308.wav,Fart Burping_or_eructation Gunshot_or_gunfire
1efc693b.wav,Squeak Cello Fireworks
1f0c013f.wav,Electric_piano Bass_drum Acoustic_guitar
1f153ce8.wav,Bass_drum Gunshot_or_gunfire Hi-hat
1f1fd692.wav,Squeak Meow Cough
1f242424.wav,Violin_or_fiddle Flute Oboe
1f312f80.wav,Cowbell Violin_or_fiddle Flute
1f368932.wav,Bus Fireworks Writing
1f3856c2.wav,Saxophone Clarinet Bark
1f389629.wav,Hi-hat Fireworks Glockenspiel
1f3a50a0.wav,Clarinet Flute Oboe
1f41ab46.wav,Shatter Finger_snapping Scissors
1f4220ff.wav,Violin_or_fiddle Knock Cowbell
1f45804c.wav,Violin_or_fiddle Cello Flute
1f4b5cad.wav,Violin_or_fiddle Gong Harmonica
1f4e18a5.wav,Flute Violin_or_fiddle Clarinet
1f56ab7c.wav,Snare_drum Cough Gunshot_or_gunfire
1f595d94.wav,Squeak Violin_or_fiddle Trumpet
1f5e8747.wav,Meow Squeak Fireworks
1f5ffe93.wav,Bass_drum Knock Gunshot_or_gunfire
1f6a1b37.wav,Clarinet Saxophone Violin_or_fiddle
1f811a0e.wav,Violin_or_fiddle Clarinet Oboe
1f8bd432.wav,Acoustic_guitar Snare_drum Electric_piano
1f8c49d9.wav,Cello Violin_or_fiddle Acoustic_guitar
1f8ce32b.wav,Finger_snapping Keys_jangling Scissors
1f90c35b.wav,Fireworks Gunshot_or_gunfire Drawer_open_or_close
1f90f2d0.wav,Gunshot_or_gunfire Drawer_open_or_close Writing
1f927a31.wav,Cello Violin_or_fiddle Clarinet
1f92a818.wav,Violin_or_fiddle Cello Flute
1f930b2c.wav,Oboe Flute Clarinet
1f98ef16.wav,Cello Double_bass Acoustic_guitar
1fb6239e.wav,Shatter Hi-hat Snare_drum
1fb9cfa5.wav,Oboe Trumpet Clarinet
1fbce1a0.wav,Violin_or_fiddle Cowbell Knock
1fc58e0f.wav,Trumpet Shatter Hi-hat
1fca15e6.wav,Clarinet Saxophone Violin_or_fiddle
1fd0397d.wav,Knock Snare_drum Microwave_oven
1fd536ea.wav,Gong Acoustic_guitar Trumpet
1fd6440c.wav,Tearing Computer_keyboard Fireworks
1fd6787f.wav,Fart Tearing Burping_or_eructation
1fe092a5.wav,Cello Clarinet Violin_or_fiddle
1fe5e63d.wav,Oboe Violin_or_fiddle Flute
1fea13cc.wav,Acoustic_guitar Snare_drum Writing
1fef8a97.wav,Cello Violin_or_fiddle Flute
1ff0ec08.wav,Flute Bus Laughter
1ffdc20f.wav,Trumpet Oboe Saxophone
200e6d52.wav,Clarinet Saxophone Flute
201971e7.wav,Clarinet Saxophone Violin_or_fiddle
201b29ef.wav,Clarinet Saxophone Violin_or_fiddle
201c4361.wav,Oboe Trumpet Saxophone
2026cd76.wav,Hi-hat Shatter Fireworks
202caa66.wav,Clarinet Saxophone Oboe
202d5a05.wav,Flute Violin_or_fiddle Clarinet
202ed586.wav,Oboe Flute Clarinet
20379099.wav,Cello Acoustic_guitar Double_bass
203f3d63.wav,Bass_drum Gunshot_or_gunfire Fireworks
204fea82.wav,Snare_drum Knock Fireworks
2058f848.wav,Violin_or_fiddle Snare_drum Double_bass
20607b2f.wav,Snare_drum Violin_or_fiddle Shatter
2060f941.wav,Oboe Flute Violin_or_fiddle
2064a566.wav,Hi-hat Shatter Gong
206595a3.wav,Clarinet Violin_or_fiddle Saxophone
207b5701.wav,Keys_jangling Finger_snapping Tearing
2082b994.wav,Violin_or_fiddle Harmonica Flute
208e1f80.wav,Violin_or_fiddle Glockenspiel Flute
20921ce7.wav,Fart Burping_or_eructation Tearing
20952acc.wav,Oboe Clarinet Trumpet
20961a62.wav,Trumpet Oboe Saxophone
20a1e647.wav,Acoustic_guitar Glockenspiel Electric_piano
20a9b42d.wav,Bass_drum Hi-hat Knock
20ae3b24.wav,Saxophone Clarinet Oboe
20b395d8.wav,Trumpet Oboe Saxophone
20b8936f.wav,Tearing Shatter Drawer_open_or_close
20c0ed21.wav,Squeak Harmonica Meow
20d52059.wav,Bass_drum Gunshot_or_gunfire Electric_piano
20e9b791.wav,Clarinet Saxophone Trumpet
20ecadb7.wav,Trumpet Oboe Saxophone
20ef27a9.wav,Tambourine Keys_jangling Chime
20f8e34e.wav,Oboe Clarinet Violin_or_fiddle
20fb92eb.wav,Hi-hat Fireworks Glockenspiel
20fe4ec1.wav,Writing Bus Acoustic_guitar
2103391b.wav,Oboe Flute Clarinet
21139df7.wav,Cello Acoustic_guitar Violin_or_fiddle
212e3c73.wav,Oboe Violin_or_fiddle Clarinet
2133ad94.wav,Oboe Trumpet Clarinet
2133b212.wav,Oboe Violin_or_fiddle Clarinet
2134ac77.wav,Hi-hat Shatter Trumpet
2136dc16.wav,Tearing Squeak Scissors
21384fec.wav,Clarinet Saxophone Violin_or_fiddle
214f67ca.wav,Cello Acoustic_guitar Gong
215cbf31.wav,Bass_drum Knock Electric_piano
216a20e4.wav,Clarinet Saxophone Violin_or_fiddle
2172c87f.wav,Violin_or_fiddle Clarinet Oboe
2174fe5c.wav,Clarinet Saxophone Violin_or_fiddle
2177220a.wav,Hi-hat Glockenspiel Fireworks
218650eb.wav,Hi-hat Chime Shatter
2187cb81.wav,Glockenspiel Electric_piano Gong
21888a67.wav,Bass_drum Hi-hat Knock
2196f89c.wav,Oboe Violin_or_fiddle Flute
219f1658.wav,Electric_piano Glockenspiel Acoustic_guitar
21a4cc39.wav,Fireworks Gunshot_or_gunfire Drawer_open_or_close
21ac86e9.wav,Double_bass Cello Acoustic_guitar
21acb432.wav,Oboe Violin_or_fiddle Clarinet
21b3170c.wav,Double_bass Bass_drum Cello
21b3b0cf.wav,Snare_drum Violin_or_fiddle Shatter
21b4e1f1.wav,Fart Burping_or_eructation Tearing
21bb3cae.wav,Flute Saxophone Laughter
21c1105b.wav,Trumpet Knock Tambourine
21ca4637.wav,Glockenspiel Clarinet Violin_or_fiddle
21d14004.wav,Saxophone Clarinet Flute
21d36543.wav,Clarinet Oboe Violin_or_fiddle
21dec696.wav,Bass_drum Knock Hi-hat
21df14f7.wav,Cello Bus Acoustic_guitar
21e3e612.wav,Oboe Trumpet Saxophone
21fae6b1.wav,Bass_drum Hi-hat Gunshot_or_gunfire
22025272.wav,Cello Flute Violin_or_fiddle
220a2e6d.wav,Knock Snare_drum Drawer_open_or_close
2216fc49.wav,Bass_drum Knock Hi-hat
221c27f7.wav,Bus Acoustic_guitar Cello
22244948.wav,Meow Squeak Writing
2235d899.wav,Burping_or_eructation Fart Shatter
223753b5.wav,Squeak Fireworks Burping_or_eructation
223b7df6.wav,Flute Clarinet Oboe
223bc959.wav,Knock Snare_drum Violin_or_fiddle
224ab14d.wav,Gong Violin_or_fiddle Trumpet
224de930.wav,Cough Burping_or_eructation Drawer_open_or_close
225d9633.wav,Fart Bass_drum Electric_piano
225e3135.wav,Bass_drum Gunshot_or_gunfire Electric_piano
225f0626.wav,Trumpet Oboe Saxophone
2261073e.wav,Clarinet Oboe Violin_or_fiddle
226ea2c6.wav,Flute Clarinet Saxophone
227f2c50.wav,Shatter Hi-hat Tearing
228153f2.wav,Clarinet Violin_or_fiddle Cello
22824c18.wav,Knock Snare_drum Bass_drum
22891802.wav,Bass_drum Knock Tearing
2293e34d.wav,Cello Acoustic_guitar Violin_or_fiddle
22abde0a.wav,Clarinet Saxophone Flute
22b2efa2.wav,Electric_piano Glockenspiel Acoustic_guitar
22b5a548.wav,Clarinet Saxophone Violin_or_fiddle
22c3952c.wav,Clarinet Saxophone Violin_or_fiddle
22c798ac.wav,Glockenspiel Electric_piano Gong
22ca2dbb.wav,Clarinet Oboe Violin_or_fiddle
22e88b33.wav,Hi-hat Shatter Trumpet
22f3b36c.wav,Oboe Clarinet Trumpet
22f70afe.wav,Violin_or_fiddle Cowbell Cello
23029663.wav,Bass_drum Hi-hat Knock
23071dd2.wav,Squeak Shatter Hi-hat
23094c55.wav,Clarinet Saxophone Violin_or_fiddle
230ce5d5.wav,Cello Violin_or_fiddle Clarinet
23176e01.wav,Tambourine Hi-hat Keys_jangling
231d230c.wav,Acoustic_guitar Bus Fireworks
231e9e57.wav,Gong Acoustic_guitar Saxophone
231f314d.wav,Cello Double_bass Acoustic_guitar
232750a8.wav,Cello Double_bass Violin_or_fiddle
232ec97b.wav,Tearing Shatter Scissors
23300ded.wav,Trumpet Knock Applause
233996cf.wav,Tearing Computer_keyboard Scissors
233a83b7.wav,Bass_drum Knock Hi-hat
233d0591.wav,Bass_drum Knock Computer_keyboard
233d8cbb.wav,Snare_drum Knock Microwave_oven
235dbbf0.wav,Knock Bass_drum Tearing
2369256d.wav,Cello Violin_or_fiddle Saxophone
23732830.wav,Clarinet Saxophone Violin_or_fiddle
23824542.wav,Fart Burping_or_eructation Tearing
23852f22.wav,Clarinet Saxophone Flute
238d7b37.wav,Bass_drum Knock Hi-hat
238d8cad.wav,Fart Burping_or_eructation Squeak
238deaad.wav,Cello Violin_or_fiddle Acoustic_guitar
23984d44.wav,Tearing Fart Keys_jangling
239988bc.wav,Violin_or_fiddle Meow Cello
2399acef.wav,Cello Double_bass Acoustic_guitar
23bae3b1.wav,Acoustic_guitar Cello Double_bass
23bf31da.wav,Bass_drum Computer_keyboard Fireworks
23ca551e.wav,Tearing Hi-hat Shatter
23cdfc67.wav,Clarinet Violin_or_fiddle Saxophone
23d1d920.wav,Fireworks Acoustic_guitar Writing
23d4cbff.wav,Gong Flute Clarinet
23e94e4f.wav,Cello Gong Acoustic_guitar
23ede927.wav,Trumpet Oboe Saxophone
23f2b1f7.wav,Applause Shatter Fireworks
23f592dd.wav,Clarinet Saxophone Flute
23f8b4b0.wav,Double_bass Cello Snare_drum
23fc49d9.wav,Gong Flute Violin_or_fiddle
240c45cb.wav,Oboe Flute Clarinet
240d2bb2.wav,Bass_drum Hi-hat Knock
240dfb34.wav,Cello Double_bass Saxophone
241224d6.wav,Oboe Violin_or_fiddle Flute
242118f2.wav,Hi-hat Shatter Trumpet
2421d14b.wav,Applause Shatter Fireworks
2423598a.wav,Snare_drum Knock Violin_or_fiddle
2429265b.wav,Bass_drum Knock Hi-hat
242ea92c.wav,Gong Squeak Violin_or_fiddle
2436090e.wav,Bass_drum Knock Fireworks
243ab0b7.wav,Violin_or_fiddle Clarinet Saxophone
2442e7c6.wav,Squeak Harmonica Meow
244618d7.wav,Bass_drum Hi-hat Knock
244baebc.wav,Bark Harmonica Violin_or_fiddle
244dc716.wav,Acoustic_guitar Cello Bus
24599c96.wav,Cello Violin_or_fiddle Gong
24602db6.wav,Tearing Squeak Cough
2472cdfe.wav,Violin_or_fiddle Oboe Flute
247431d8.wav,Bus Cello Acoustic_guitar
247a90a0.wav,Cello Squeak Bark
2487cd7b.wav,Knock Trumpet Tambourine
248e1ea5.wav,Flute Clarinet Violin_or_fiddle
249d9580.wav,Hi-hat Fireworks Shatter
24a8c4c4.wav,Saxophone Clarinet Oboe
24adc8ef.wav,Violin_or_fiddle Cello Clarinet
24c622f6.wav,Cello Double_bass Acoustic_guitar
24ca6163.wav,Bus Fireworks Writing
24cb1de7.wav,Double_bass Bass_drum Fireworks
24cb7cdd.wav,Clarinet Violin_or_fiddle Oboe
24db4a9b.wav,Cello Clarinet Violin_or_fiddle
24e7cbad.wav,Bass_drum Double_bass Trumpet
24f112b3.wav,Oboe Flute Clarinet
24f24bc6.wav,Oboe Clarinet Violin_or_fiddle
24f79ae9.wav,Finger_snapping Tearing Scissors
250dad68.wav,Oboe Trumpet Clarinet
251397f9.wav,Bass_drum Double_bass Gunshot_or_gunfire
253158f3.wav,Squeak Tearing Meow
25497688.wav,Oboe Trumpet Saxophone
25510ad1.wav,Acoustic_guitar Bus Snare_drum
25580be4.wav,Bass_drum Knock Hi-hat
25587ccb.wav,Oboe Trumpet Saxophone
256056a2.wav,Saxophone Flute Oboe
2564d3d4.wav,Tearing Shatter Scissors
256570a9.wav,Bass_drum Knock Hi-hat
25661e6d.wav,Shatter Snare_drum Drawer_open_or_close
25694e28.wav,Bass_drum Knock Hi-hat
258f1bfa.wav,Clarinet Saxophone Flute
259100ab.wav,Double_bass Gong Bass_drum
2594db13.wav,Cello Double_bass Acoustic_guitar
25988d89.wav,Electric_piano Violin_or_fiddle Gong
259af139.wav,Clarinet Cello Violin_or_fiddle
25a91ed6.wav,Glockenspiel Electric_piano Gong
25b93dfb.wav,Squeak Tearing Cough
25be0153.wav,Clarinet Oboe Saxophone
25d4a81a.wav,Clarinet Violin_or_fiddle Saxophone
25e59f61.wav,Knock Bass_drum Keys_jangling
25e67de2.wav,Gong Clarinet Flute
25eb383d.wav,Tambourine Burping_or_eructation Saxophone
25fbafbe.wav,Cello Double_bass Violin_or_fiddle
260bb8da.wav,Violin_or_fiddle Flute Clarinet
260e583d.wav,Hi-hat Fireworks Glockenspiel
261331aa.wav,Bark Meow Laughter
261a71de.wav,Violin_or_fiddle Clarinet Flute
261fdeb9.wav,Violin_or_fiddle Clarinet Oboe
2634e42c.wav,Shatter Gunshot_or_gunfire Fart
2638d3c3.wav,Cello Acoustic_guitar Gong
265908b6.wav,Cello Clarinet Violin_or_fiddle
266f7023.wav,Tambourine Keys_jangling Hi-hat
2672f2c0.wav,Glockenspiel Electric_piano Gong
2676d124.wav,Clarinet Violin_or_fiddle Flute
26798084.wav,Oboe Clarinet Trumpet
267bad15.wav,Snare_drum Knock Fireworks
267d784e.wav,Clarinet Saxophone Violin_or_fiddle
26827561.wav,Knock Microwave_oven Snare_drum
268979ed.wav,Tearing Fart Keys_jangling
268e844b.wav,Shatter Trumpet Finger_snapping
26930084.wav,Violin_or_fiddle Meow Cello
26b570f6.wav,Knock Writing Bass_drum
26b59974.wav,Bass_drum Knock Hi-hat
26bb8f56.wav,Gong Squeak Harmonica
26be525f.wav,Flute Violin_or_fiddle Cello
26d01867.wav,Oboe Clarinet Flute
26d0d1ab.wav,Cello Flute Violin_or_fiddle
26d385dc.wav,Violin_or_fiddle Flute Harmonica
26df2e2d.wav,Bass_drum Hi-hat Double_bass
26dfd4b5.wav,Trumpet Oboe Saxophone
26e16e53.wav,Violin_or_fiddle Flute Clarinet
26e34006.wav,Hi-hat Shatter Trumpet
26ea093e.wav,Clarinet Cello Violin_or_fiddle
26f533d4.wav,Bus Acoustic_guitar Flute
2705bac2.wav,Hi-hat Gong Shatter
270da7bc.wav,Tearing Shatter Drawer_open_or_close
270db3dc.wav,Knock Keys_jangling Finger_snapping
2710dc94.wav,Hi-hat Shatter Tearing
2715fb9c.wav,Clarinet Oboe Saxophone
27172052.wav,Burping_or_eructation Fart Tearing
27295d65.wav,Trumpet Oboe Saxophone
272e7b10.wav,Bass_drum Knock Hi-hat
27490e84.wav,Bass_drum Snare_drum Knock
274a903d.wav,Bass_drum Hi-hat Gunshot_or_gunfire
274e9b94.wav,Clarinet Saxophone Flute
2750c860.wav,Meow Harmonica Squeak
2755f7b6.wav,Burping_or_eructation Shatter Drawer_open_or_close
276513ea.wav,Clarinet Saxophone Violin_or_fiddle
2765283f.wav,Violin_or_fiddle Oboe Cello
2769d7b7.wav,Bass_drum Knock Snare_drum
276a23a7.wav,Trumpet Oboe Saxophone
276b9cbe.wav,Hi-hat Cowbell Gong
276f8f90.wav,Violin_or_fiddle Flute Saxophone
277b5cdb.wav,Oboe Flute Clarinet
277c56ef.wav,Tearing Keys_jangling Shatter
2784b758.wav,Bass_drum Knock Double_bass
2799c40e.wav,Clarinet Oboe Violin_or_fiddle
27a43ff5.wav,Double_bass Bass_drum Fireworks
27a48e10.wav,Violin_or_fiddle Squeak Flute
27a68b55.wav,Cello Acoustic_guitar Gong
27be3341.wav,Glockenspiel Electric_piano Acoustic_guitar
27c6d974.wav,Trumpet Oboe Saxophone
27d0b45b.wav,Clarinet Saxophone Cello
27d3ad33.wav,Clarinet Saxophone Cello
27d61cf7.wav,Bus Fireworks Applause
27e31009.wav,Hi-hat Shatter Tambourine
27ebc5bc.wav,Clarinet Violin_or_fiddle Saxophone
28027cea.wav,Gunshot_or_gunfire Snare_drum Knock
28048da4.wav,Oboe Clarinet Flute
2804c60c.wav,Violin_or_fiddle Harmonica Glockenspiel
280625c0.wav,Clarinet Saxophone Violin_or_fiddle
280a3d2b.wav,Knock Bass_drum Hi-hat
280e4268.wav,Keys_jangling Finger_snapping Scissors
280e6f34.wav,Gunshot_or_gunfire Drawer_open_or_close Acoustic_guitar
281060c4.wav,Tambourine Chime Hi-hat
281706c2.wav,Tearing Scissors Shatter
281be83f.wav,Oboe Trumpet Saxophone
282133d1.wav,Microwave_oven Squeak Laughter
2821a9d4.wav,Violin_or_fiddle Clarinet Flute
28242abf.wav,Oboe Clarinet Flute
28265fec.wav,Clarinet Saxophone Violin_or_fiddle
28282534.wav,Trumpet Oboe Saxophone
28388232.wav,Trumpet Knock Tambourine
28471616.wav,Hi-hat Shatter Fireworks
2848a64d.wav,Fart Burping_or_eructation Tearing
2849b57a.wav,Laughter Cough Writing
2855f7d8.wav,Cello Acoustic_guitar Clarinet
285e09c8.wav,Saxophone Gong Clarinet
2866cae5.wav,Clarinet Saxophone Flute
2867fd4f.wav,Clarinet Oboe Saxophone
286df5e5.wav,Fart Burping_or_eructation Shatter
286f0905.wav,Oboe Clarinet Flute
286f4efe.wav,Hi-hat Glockenspiel Fireworks
28815c9a.wav,Tambourine Keys_jangling Chime
2885d0bc.wav,Oboe Flute Clarinet
288abdfc.wav,Cello Violin_or_fiddle Double_bass
288b4a00.wav,Knock Bass_drum Fireworks
288c4290.wav,Meow Squeak Harmonica
2890602c.wav,Knock Bass_drum Writing
289ac958.wav,Snare_drum Knock Double_bass
28a9595d.wav,Bass_drum Double_bass Knock
28b6ff25.wav,Shatter Hi-hat Finger_snapping
28b9c8e2.wav,Oboe Clarinet Saxophone
28bfb700.wav,Knock Bass_drum Tearing
28c65e4d.wav,Violin_or_fiddle Clarinet Oboe
28ccb57e.wav,Bass_drum Knock Computer_keyboard
28d2325b.wav,Hi-hat Shatter Trumpet
28d992e4.wav,Flute Violin_or_fiddle Clarinet
28e10213.wav,Fireworks Hi-hat Squeak
28e59c89.wav,Cello Gong Violin_or_fiddle
29031e07.wav,Writing Tearing Computer_keyboard
2911ff39.wav,Cello Acoustic_guitar Flute
29156b8d.wav,Oboe Clarinet Flute
292001cc.wav,Keys_jangling Tearing Finger_snapping
292f53d4.wav,Acoustic_guitar Drawer_open_or_close Double_bass
292f9f92.wav,Oboe Clarinet Trumpet
293110a0.wav,Cello Acoustic_guitar Double_bass
293350f5.wav,Fart Tearing Keys_jangling
293680af.wav,Oboe Trumpet Clarinet
2936b44d.wav,Writing Squeak Drawer_open_or_close
2948ed98.wav,Cello Double_bass Saxophone
29627bb1.wav,Flute Clarinet Oboe
296b8746.wav,Finger_snapping Computer_keyboard Keys_jangling
296e4a14.wav,Clarinet Oboe Saxophone
29730e21.wav,Clarinet Saxophone Violin_or_fiddle
2976b7eb.wav,Double_bass Cello Acoustic_guitar
2977e22d.wav,Clarinet Saxophone Violin_or_fiddle
29851744.wav,Hi-hat Tambourine Shatter
29863569.wav,Fart Gunshot_or_gunfire Fireworks
299606e0.wav,Flute Clarinet Saxophone
299a2a64.wav,Bass_drum Knock Electric_piano
29a4a1b8.wav,Clarinet Violin_or_fiddle Oboe
29a56bfd.wav,Violin_or_fiddle Cello Clarinet
29aa96ed.wav,Drawer_open_or_close Squeak Fireworks
29aaa09e.wav,Bass_drum Gunshot_or_gunfire Fart
29b4394a.wav,Clarinet Saxophone Violin_or_fiddle
29c41f5b.wav,Hi-hat Shatter Fireworks
29c6d965.wav,Bass_drum Knock Hi-hat
29d4e143.wav,Tearing Keys_jangling Computer_keyboard
29e0c1f9.wav,Acoustic_guitar Cello Double_bass
29e18126.wav,Oboe Trumpet Clarinet
29e3048d.wav,Hi-hat Glockenspiel Gong
29e7edd8.wav,Cello Gong Acoustic_guitar
29eb4695.wav,Knock Finger_snapping Keys_jangling
29f217a8.wav,Tearing Fart Burping_or_eructation
29f34904.wav,Flute Clarinet Saxophone
29fd1b32.wav,Bass_drum Knock Double_bass
2a036994.wav,Cello Acoustic_guitar Double_bass
2a09a776.wav,Clarinet Saxophone Flute
2a1380db.wav,Trumpet Oboe Saxophone
2a2c69dd.wav,Writing Computer_keyboard Knock
2a30d22e.wav,Bass_drum Knock Hi-hat
2a3560b3.wav,Cello Double_bass Acoustic_guitar
2a38bb35.wav,Cough Bark Laughter
2a4a615f.wav,Oboe Clarinet Trumpet
2a51669c.wav,Oboe Violin_or_fiddle Clarinet
2a53ffd3.wav,Violin_or_fiddle Flute Clarinet
2a55aedb.wav,Hi-hat Shatter Fireworks
2a5f6682.wav,Bass_drum Hi-hat Knock
2a6b7f88.wav,Cello Acoustic_guitar Double_bass
2a7149a2.wav,Finger_snapping Keys_jangling Scissors
2a7d138e.wav,Double_bass Acoustic_guitar Gunshot_or_gunfire
2a870f04.wav,Cello Clarinet Electric_piano
2a8da3e8.wav,Cello Acoustic_guitar Glockenspiel
2a91718b.wav,Trumpet Oboe Saxophone
2a93f776.wav,Clarinet Violin_or_fiddle Cello
2aac07cd.wav,Oboe Trumpet Clarinet
2aafb503.wav,Bass_drum Knock Electric_piano
2ab61fed.wav,Hi-hat Shatter Trumpet
2ac3592d.wav,Cello Saxophone Acoustic_guitar
2ac47eb6.wav,Clarinet Violin_or_fiddle Saxophone
2ac578ac.wav,Bass_drum Knock Hi-hat
2ac73118.wav,Clarinet Saxophone Violin_or_fiddle
2ac77c6a.wav,Violin_or_fiddle Cowbell Saxophone
2ac794ca.wav,Acoustic_guitar Bus Gong
2ad0199d.wav,Glockenspiel Electric_piano Gong
2ad16a55.wav,Oboe Violin_or_fiddle Flute
2ad4c3c4.wav,Bass_drum Gunshot_or_gunfire Hi-hat
2ad5c7c8.wav,Saxophone Clarinet Flute
2af7ee6c.wav,Shatter Hi-hat Trumpet
2af98814.wav,Squeak Gong Meow
2b04a6a9.wav,Oboe Clarinet Violin_or_fiddle
2b0f0ad5.wav,Trumpet Oboe Saxophone
2b1202ab.wav,Clarinet Oboe Violin_or_fiddle
2b14749b.wav,Flute Bark Violin_or_fiddle
2b15e07a.wav,Clarinet Oboe Violin_or_fiddle
2b17033b.wav,Snare_drum Knock Acoustic_guitar
2b1dabdf.wav,Bark Squeak Violin_or_fiddle
2b1f7f1c.wav,Bass_drum Knock Hi-hat
2b29c860.wav,Knock Trumpet Tambourine
2b3b7b03.wav,Clarinet Saxophone Violin_or_fiddle
2b4b7943.wav,Violin_or_fiddle Flute Oboe
2b6252cc.wav,Snare_drum Knock Acoustic_guitar
2b6c13e3.wav,Clarinet Saxophone Violin_or_fiddle
2b7b39be.wav,Trumpet Oboe Saxophone
2b83debf.wav,Tearing Shatter Hi-hat
2b8e6892.wav,Clarinet Saxophone Violin_or_fiddle
2b8f6e49.wav,Glockenspiel Violin_or_fiddle Flute
2b911d99.wav,Acoustic_guitar Fireworks Computer_keyboard
2bb1d055.wav,Saxophone Clarinet Violin_or_fiddle
2bb34f54.wav,Finger_snapping Tambourine Keys_jangling
2bb8ee50.wav,Violin_or_fiddle Cello Clarinet
2bbfe44e.wav,Hi-hat Shatter Tambourine
2bcb69fd.wav,Applause Shatter Fireworks
2bd000e5.wav,Hi-hat Shatter Fireworks
2bd1f850.wav,Cello Acoustic_guitar Double_bass
2be1bae5.wav,Cello Double_bass Violin_or_fiddle
2be25f5e.wav,Cello Double_bass Acoustic_guitar
2bf36fef.wav,Clarinet Saxophone Violin_or_fiddle
2c01a86f.wav,Clarinet Flute Glockenspiel
2c14ed19.wav,Cello Violin_or_fiddle Acoustic_guitar
2c287b2c.wav,Knock Tearing Fireworks
2c403fbe.wav,Double_bass Electric_piano Bass_drum
2c41a64d.wav,Oboe Clarinet Saxophone
2c57ecb0.wav,Violin_or_fiddle Flute Harmonica
2c5bad59.wav,Clarinet Oboe Violin_or_fiddle
2c5e7ee0.wav,Clarinet Oboe Saxophone
2c6ab95a.wav,Clarinet Saxophone Violin_or_fiddle
2c718199.wav,Bass_drum Knock Writing
2c780aaa.wav,Cello Double_bass Violin_or_fiddle
2c8de08f.wav,Tearing Shatter Scissors
2c9139a2.wav,Fart Gunshot_or_gunfire Bass_drum
2c96dab1.wav,Saxophone Clarinet Flute
2ca3f48b.wav,Clarinet Saxophone Violin_or_fiddle
2caa9b82.wav,Clarinet Oboe Violin_or_fiddle
2cb3663f.wav,Fart Tearing Burping_or_eructation
2cb6b373.wav,Gong Glockenspiel Violin_or_fiddle
2cbea1f4.wav,Snare_drum Knock Drawer_open_or_close
2cc136b6.wav,Cello Double_bass Snare_drum
2cc34e65.wav,Double_bass Cello Trumpet
2cdbb847.wav,Snare_drum Knock Gunshot_or_gunfire
2cedb928.wav,Violin_or_fiddle Clarinet Flute
2cf80a27.wav,Hi-hat Glockenspiel Gong
2cf851f3.wav,Hi-hat Glockenspiel Fireworks
2cf8a1d7.wav,Laughter Flute Violin_or_fiddle
2d0027fd.wav,Gunshot_or_gunfire Bass_drum Electric_piano
2d0c1839.wav,Hi-hat Shatter Trumpet
2d0daf66.wav,Saxophone Clarinet Flute
2d17a609.wav,Glockenspiel Gong Electric_piano
2d1863d6.wav,Violin_or_fiddle Cello Saxophone
2d204120.wav,Shatter Drawer_open_or_close Fart
2d204a5d.wav,Clarinet Violin_or_fiddle Saxophone
2d21041f.wav,Cello Gong Trumpet
2d24682f.wav,Hi-hat Glockenspiel Fireworks
2d264806.wav,Tambourine Keys_jangling Hi-hat
2d497cbb.wav,Laughter Bark Flute
2d4e35a0.wav,Flute Clarinet Oboe
2d589634.wav,Flute Clarinet Oboe
2d5984c7.wav,Cello Violin_or_fiddle Squeak
2d60ba0a.wav,Knock Microwave_oven Cough
2d62f754.wav,Hi-hat Tambourine Shatter
2d6609d7.wav,Flute Clarinet Saxophone
2d6c1693.wav,Knock Snare_drum Microwave_oven
2d6de409.wav,Trumpet Oboe Saxophone
2d7134e3.wav,Squeak Telephone Gong
2d720da1.wav,Clarinet Cello Oboe
2d72aee6.wav,Cello Acoustic_guitar Violin_or_fiddle
2d790368.wav,Squeak Meow Harmonica
2d7df781.wav,Bass_drum Hi-hat Electric_piano
2d860064.wav,Oboe Clarinet Flute
2d8a6242.wav,Knock Bass_drum Tearing
2d8acb10.wav,Bass_drum Knock Hi-hat
2d9c3949.wav,Harmonica Violin_or_fiddle Trumpet
2da2e399.wav,Flute Clarinet Violin_or_fiddle
2da32b1f.wav,Oboe Clarinet Trumpet
2da4fa14.wav,Clarinet Saxophone Flute
2da5b590.wav,Clarinet Saxophone Flute
2da6d104.wav,Keys_jangling Tambourine Finger_snapping
2daa759d.wav,Clarinet Violin_or_fiddle Saxophone
2daf019d.wav,Gong Trumpet Hi-hat
2db52728.wav,Cello Violin_or_fiddle Clarinet
2dc10f4d.wav,Violin_or_fiddle Cello Clarinet
2dc19510.wav,Tearing Writing Shatter
2dc50a54.wav,Tearing Scissors Shatter
2dcbf46b.wav,Shatter Tearing Fart
2dd756ed.wav,Cello Violin_or_fiddle Flute
2dd854a7.wav,Writing Cough Laughter
2de19598.wav,Clarinet Cello Violin_or_fiddle
2debe1cc.wav,Cello Violin_or_fiddle Gong
2df5d098.wav,Bass_drum Hi-hat Gunshot_or_gunfire
2df859da.wav,Oboe Clarinet Flute
2e091a70.wav,Oboe Violin_or_fiddle Clarinet
2e0cf9aa.wav,Glockenspiel Electric_piano Violin_or_fiddle
2e128a59.wav,Violin_or_fiddle Squeak Gong
2e196409.wav,Cello Acoustic_guitar Gong
2e276aaa.wav,Cowbell Violin_or_fiddle Cello
2e2c6032.wav,Oboe Clarinet Cello
2e2f2bc4.wav,Trumpet Oboe Saxophone
2e42ccd2.wav,Trumpet Oboe Saxophone
2e47a5c2.wav,Double_bass Cello Acoustic_guitar
2e49fbc0.wav,Knock Bass_drum Acoustic_guitar
2e69b622.wav,Cello Double_bass Acoustic_guitar
2e6a18f4.wav,Fart Tearing Bass_drum
2e70787c.wav,Oboe Clarinet Flute
2e7a0263.wav,Electric_piano Bass_drum Gunshot_or_gunfire
2e956314.wav,Cello Violin_or_fiddle Double_bass
2e973a41.wav,Clarinet Saxophone Violin_or_fiddle
2ead203e.wav,Cello Violin_or_fiddle Double_bass
2eaeb6b7.wav,Hi-hat Fireworks Glockenspiel
2eaff904.wav,Hi-hat Shatter Trumpet
2eb12875.wav,Fireworks Shatter Tearing
2ebe5821.wav,Knock Bass_drum Computer_keyboard
2ec1d2da.wav,Clarinet Violin_or_fiddle Saxophone
2ec85d18.wav,Cello Acoustic_guitar Gong
2ec9bc1d.wav,Trumpet Violin_or_fiddle Hi-hat
2ecb1002.wav,Fart Shatter Burping_or_eructation
2ecca042.wav,Fart Shatter Gunshot_or_gunfire
2ed17427.wav,Oboe Trumpet Clarinet
2ed69e64.wav,Clarinet Saxophone Flute
2ed72cd5.wav,Bass_drum Knock Hi-hat
2f009392.wav,Violin_or_fiddle Glockenspiel Clarinet
2f0a8c80.wav,Bass_drum Knock Hi-hat
2f0ee302.wav,Acoustic_guitar Fireworks Bus
2f1c2612.wav,Finger_snapping Keys_jangling Computer_keyboard
2f2eeab3.wav,Cello Gong Saxophone
2f3c179a.wav,Hi-hat Shatter Trumpet
2f4b9bdc.wav,Violin_or_fiddle Flute Laughter
2f5c2852.wav,Flute Clarinet Saxophone
2f74ed29.wav,Bass_drum Knock Hi-hat
2f74f4f4.wav,Cello Double_bass Acoustic_guitar
2f784e3d.wav,Fireworks Writing Squeak
2f792ac7.wav,Applause Fireworks Hi-hat
2f87e47c.wav,Bark Violin_or_fiddle Squeak
2f92f1de.wav,Hi-hat Applause Fireworks
2f947f7e.wav,Clarinet Saxophone Violin_or_fiddle
2f967685.wav,Gunshot_or_gunfire Fart Snare_drum
2f97d6b3.wav,Flute Oboe Clarinet
2f9df9d5.wav,Trumpet Oboe Saxophone
2facecd2.wav,Fart Burping_or_eructation Tearing
2fb78737.wav,Tearing Shatter Scissors
2fbb29ed.wav,Knock Snare_drum Microwave_oven
2fc2ba69.wav,Laughter Flute Saxophone
2fd2722a.wav,Trumpet Oboe Saxophone
2fd62d32.wav,Hi-hat Gong Trumpet
2fda731f.wav,Bass_drum Knock Hi-hat
2fda8c20.wav,Cello Double_bass Acoustic_guitar
2fdb5f6a.wav,Applause Harmonica Laughter
2fea5e19.wav,Tearing Shatter Squeak
2fefb864.wav,Bark Oboe Harmonica
2fff17ff.wav,Burping_or_eructation Fart Tearing
30029d43.wav,Trumpet Harmonica Violin_or_fiddle
301a0f8d.wav,Bass_drum Knock Hi-hat
30232933.wav,Cello Violin_or_fiddle Double_bass
302465d6.wav,Shatter Snare_drum Fart
3024ad07.wav,Oboe Trumpet Saxophone
302bc9d1.wav,Flute Clarinet Violin_or_fiddle
30396d04.wav,Snare_drum Microwave_oven Violin_or_fiddle
303dcdc3.wav,Acoustic_guitar Gong Cello
304cb001.wav,Tearing Fart Keys_jangling
304f58c8.wav,Cello Double_bass Violin_or_fiddle
3053d06b.wav,Clarinet Saxophone Flute
305d1932.wav,Bass_drum Knock Acoustic_guitar
3062dedb.wav,Snare_drum Gunshot_or_gunfire Knock
3073a264.wav,Shatter Applause Tearing
30762ab4.wav,Hi-hat Shatter Snare_drum
3077dab1.wav,Applause Fireworks Keys_jangling
3078b0a4.wav,Cello Double_bass Saxophone
307d21e8.wav,Trumpet Oboe Saxophone
307e9f70.wav,Oboe Trumpet Clarinet
30874c68.wav,Violin_or_fiddle Flute Clarinet
30881d07.wav,Finger_snapping Keys_jangling Scissors
308a6424.wav,Violin_or_fiddle Flute Clarinet
30a320a3.wav,Harmonica Applause Trumpet
30a36933.wav,Tearing Shatter Scissors
30a8d1e4.wav,Saxophone Clarinet Flute
30b62182.wav,Clarinet Saxophone Oboe
30ba2b0e.wav,Clarinet Oboe Violin_or_fiddle
30bb235b.wav,Flute Clarinet Saxophone
30d9df9d.wav,Cowbell Violin_or_fiddle Flute
30dd3419.wav,Oboe Flute Violin_or_fiddle
30e4be95.wav,Bass_drum Acoustic_guitar Knock
30e8633d.wav,Bass_drum Knock Hi-hat
30eb5385.wav,Saxophone Telephone Laughter
30ed02dc.wav,Clarinet Saxophone Flute
30f0d392.wav,Tearing Fart Burping_or_eructation
30f4864f.wav,Clarinet Oboe Saxophone
3103dfd6.wav,Cello Acoustic_guitar Saxophone
310403b7.wav,Burping_or_eructation Fart Bark
311795eb.wav,Cello Acoustic_guitar Double_bass
311e57cc.wav,Bass_drum Knock Hi-hat
3125e485.wav,Violin_or_fiddle Harmonica Flute
3125f4e2.wav,Saxophone Clarinet Flute
3127fdf6.wav,Bass_drum Knock Hi-hat
31318ae6.wav,Fart Gunshot_or_gunfire Bass_drum
3132a40c.wav,Finger_snapping Keys_jangling Tearing
31370617.wav,Trumpet Oboe Saxophone
313b6bd6.wav,Cello Acoustic_guitar Double_bass
314dd106.wav,Snare_drum Knock Gunshot_or_gunfire
315e2cf1.wav,Laughter Cough Bark
31656306.wav,Cello Double_bass Violin_or_fiddle
316b6a8b.wav,Cello Trumpet Violin_or_fiddle
316e82b0.wav,Cowbell Violin_or_fiddle Cello
318ad3a7.wav,Cello Double_bass Acoustic_guitar
318da9b1.wav,Cello Acoustic_guitar Double_bass
3192a42d.wav,Violin_or_fiddle Snare_drum Shatter
3194baa5.wav,Violin_or_fiddle Oboe Clarinet
3195b119.wav,Drawer_open_or_close Fireworks Writing
31985344.wav,Clarinet Saxophone Violin_or_fiddle
319d5f33.wav,Fireworks Snare_drum Writing
31a5b56b.wav,Harmonica Meow Violin_or_fiddle
31b1b1af.wav,Clarinet Saxophone Oboe
31bf625c.wav,Saxophone Gong Acoustic_guitar
31c02993.wav,Clarinet Flute Saxophone
31c1e915.wav,Glockenspiel Electric_piano Cello
31c321b9.wav,Saxophone Clarinet Oboe
31c42d71.wav,Violin_or_fiddle Cowbell Snare_drum
31daad59.wav,Knock Bass_drum Tearing
31ede8e7.wav,Oboe Flute Clarinet
31f27c86.wav,Gunshot_or_gunfire Bass_drum Fireworks
31fa9662.wav,Saxophone Clarinet Flute
3202971f.wav,Bass_drum Knock Hi-hat
32081921.wav,Bus Writing Meow
320e8976.wav,Telephone Squeak Microwave_oven
320ed8bd.wav,Hi-hat Fireworks Glockenspiel
321118ec.wav,Saxophone Violin_or_fiddle Clarinet
321a9ead.wav,Cello Violin_or_fiddle Double_bass
321d9f06.wav,Trumpet Oboe Saxophone
3222fa28.wav,Oboe Clarinet Flute
322b48ee.wav,Cello Violin_or_fiddle Clarinet
322f6dfb.wav,Cello Squeak Acoustic_guitar
3236f8f9.wav,Violin_or_fiddle Flute Cello
32393924.wav,Gong Acoustic_guitar Harmonica
3242d7a5.wav,Violin_or_fiddle Clarinet Flute
324a4e40.wav,Laughter Harmonica Bark
324f30f2.wav,Hi-hat Shatter Tambourine
325525ac.wav,Hi-hat Glockenspiel Fireworks
32560d9c.wav,Tearing Fart Keys_jangling
3263223e.wav,Cowbell Violin_or_fiddle Flute
326c56ff.wav,Clarinet Saxophone Violin_or_fiddle
326d98e9.wav,Laughter Trumpet Cough
327bdcaa.wav,Laughter Saxophone Bark
327e7750.wav,Squeak Microwave_oven Telephone
328612aa.wav,Clarinet Saxophone Violin_or_fiddle
32938f53.wav,Clarinet Oboe Flute
329709f0.wav,Clarinet Saxophone Violin_or_fiddle
32a5773b.wav,Violin_or_fiddle Snare_drum Trumpet
32af1d97.wav,Fireworks Burping_or_eructation Shatter
32b64892.wav,Double_bass Cello Acoustic_guitar
32bdd578.wav,Cello Double_bass Violin_or_fiddle
32bf60d9.wav,Clarinet Flute Saxophone
32c5a99e.wav,Clarinet Flute Saxophone
32c63f3f.wav,Clarinet Saxophone Flute
32cc31fd.wav,Bass_drum Computer_keyboard Fireworks
32d54dbf.wav,Harmonica Gong Squeak
32d68d35.wav,Writing Computer_keyboard Tearing
32e20304.wav,Fireworks Gunshot_or_gunfire Writing
32e375c3.wav,Cough Snare_drum Violin_or_fiddle
32e67c5c.wav,Cowbell Violin_or_fiddle Flute
32ec5aeb.wav,Laughter Snare_drum Acoustic_guitar
32f6364d.wav,Cello Double_bass Acoustic_guitar
32f665c4.wav,Violin_or_fiddle Flute Clarinet
32fe0550.wav,Tearing Shatter Keys_jangling
32ff9d27.wav,Violin_or_fiddle Glockenspiel Flute
330bcb8f.wav,Clarinet Saxophone Flute
330ef55e.wav,Double_bass Violin_or_fiddle Snare_drum
331332e4.wav,Applause Fireworks Shatter
331b550c.wav,Hi-hat Shatter Trumpet
332db920.wav,Fireworks Writing Snare_drum
332dec50.wav,Fireworks Knock Trumpet
3336c8bb.wav,Knock Writing Snare_drum
33404279.wav,Cello Violin_or_fiddle Acoustic_guitar
334bcacd.wav,Writing Computer_keyboard Fireworks
334c2df4.wav,Oboe Violin_or_fiddle Flute
334f6481.wav,Trumpet Oboe Saxophone
3354ba9c.wav,Double_bass Cello Bass_drum
33596f0a.wav,Bass_drum Knock Computer_keyboard
335d009e.wav,Tambourine Chime Hi-hat
336de5ff.wav,Squeak Laughter Meow
3374eb78.wav,Knock Trumpet Tambourine
337bb0d7.wav,Clarinet Saxophone Violin_or_fiddle
3385a800.wav,Fart Bass_drum Gunshot_or_gunfire
3389dab8.wav,Oboe Clarinet Trumpet
338a1eec.wav,Oboe Clarinet Flute
338c1e9c.wav,Hi-hat Shatter Gong
338ed597.wav,Clarinet Saxophone Violin_or_fiddle
3391a84f.wav,Fart Tearing Bass_drum
33939435.wav,Glockenspiel Electric_piano Gong
339c6a9e.wav,Trumpet Oboe Clarinet
339cbd32.wav,Fart Tearing Burping_or_eructation
33a0c53d.wav,Squeak Fireworks Fart
33a0fa9d.wav,Oboe Flute Clarinet
33a11a7b.wav,Shatter Hi-hat Tearing
33b98766.wav,Keys_jangling Finger_snapping Tearing
33bd5275.wav,Clarinet Flute Saxophone
33bf100e.wav,Saxophone Clarinet Flute
33bf8bce.wav,Hi-hat Shatter Chime
33ce149f.wav,Cello Acoustic_guitar Bus
33db956c.wav,Cello Acoustic_guitar Glockenspiel
33e12365.wav,Bass_drum Knock Computer_keyboard
33e901fb.wav,Cello Gong Acoustic_guitar
33ea32c3.wav,Flute Saxophone Clarinet
33ed1199.wav,Knock Microwave_oven Snare_drum
340aad61.wav,Burping_or_eructation Fart Trumpet
340afc6a.wav,Oboe Trumpet Clarinet
340bc3cd.wav,Saxophone Clarinet Flute
341a6905.wav,Bass_drum Knock Hi-hat
34204cf9.wav,Bass_drum Gunshot_or_gunfire Double_bass
342a363c.wav,Bass_drum Snare_drum Knock
3437507a.wav,Hi-hat Fireworks Shatter
343f0d14.wav,Violin_or_fiddle Oboe Clarinet
34404331.wav,Violin_or_fiddle Flute Bark
34409de5.wav,Violin_or_fiddle Flute Cello
344b32d4.wav,Cello Flute Violin_or_fiddle
3453b51c.wav,Cello Double_bass Acoustic_guitar
345441d2.wav,Trumpet Oboe Saxophone
34618b30.wav,Oboe Trumpet Clarinet
3463b47a.wav,Cello Clarinet Violin_or_fiddle
3463f897.wav,Saxophone Clarinet Oboe
3466b1c4.wav,Acoustic_guitar Electric_piano Glockenspiel
3467f48f.wav,Oboe Trumpet Clarinet
346a3906.wav,Knock Bass_drum Computer_keyboard
347bcaa2.wav,Bass_drum Knock Hi-hat
347ebfa9.wav,Knock Trumpet Snare_drum
3484a9b9.wav,Cello Violin_or_fiddle Acoustic_guitar
3497cb5e.wav,Bass_drum Hi-hat Knock
349eac2f.wav,Applause Tearing Fireworks
34a160da.wav,Trumpet Oboe Saxophone
34a3bc46.wav,Violin_or_fiddle Flute Clarinet
34a5404b.wav,Cello Acoustic_guitar Double_bass
34be3cb0.wav,Oboe Flute Clarinet
34be5213.wav,Saxophone Cello Flute
34c7a37b.wav,Hi-hat Finger_snapping Shatter
34cddac7.wav,Hi-hat Snare_drum Shatter
34d1fffa.wav,Cello Double_bass Acoustic_guitar
34d84768.wav,Snare_drum Knock Fireworks
34f6f431.wav,Hi-hat Shatter Trumpet
34ff2f37.wav,Bass_drum Knock Hi-hat
350b89b8.wav,Clarinet Saxophone Violin_or_fiddle
350ed42d.wav,Oboe Saxophone Trumpet
35115db0.wav,Bass_drum Knock Hi-hat
351b0ba1.wav,Cello Flute Saxophone
351dcc25.wav,Clarinet Saxophone Flute
35235d3f.wav,Bass_drum Knock Hi-hat
352c769d.wav,Double_bass Cello Acoustic_guitar
352f143a.wav,Clarinet Saxophone Violin_or_fiddle
3531e0f4.wav,Glockenspiel Electric_piano Cello
3533dc16.wav,Oboe Trumpet Clarinet
3538f800.wav,Bass_drum Knock Hi-hat
353b44b7.wav,Cello Violin_or_fiddle Clarinet
353f55db.wav,Acoustic_guitar Cello Gong
3542eddc.wav,Clarinet Cello Saxophone
35497fc4.wav,Cello Double_bass Acoustic_guitar
355eeedf.wav,Fireworks Squeak Shatter
355f0738.wav,Glockenspiel Violin_or_fiddle Electric_piano
356cab15.wav,Clarinet Saxophone Flute
3579ff4b.wav,Fireworks Gunshot_or_gunfire Snare_drum
3592e0cb.wav,Oboe Clarinet Saxophone
3597c4e5.wav,Flute Violin_or_fiddle Cello
3598cc58.wav,Bass_drum Knock Hi-hat
359c9ba3.wav,Clarinet Saxophone Violin_or_fiddle
35b91bb1.wav,Cowbell Violin_or_fiddle Knock
35bb05b0.wav,Double_bass Fireworks Cello
35bf4ae5.wav,Trumpet Harmonica Squeak
35c0f6b7.wav,Saxophone Tambourine Violin_or_fiddle
35cb8bd1.wav,Bass_drum Gunshot_or_gunfire Electric_piano
35ce58ae.wav,Violin_or_fiddle Trumpet Saxophone
35d008df.wav,Clarinet Violin_or_fiddle Cello
35d0858d.wav,Cello Clarinet Violin_or_fiddle
35da43f9.wav,Bass_drum Knock Snare_drum
35def6dc.wav,Trumpet Oboe Saxophone
35e1140b.wav,Burping_or_eructation Fireworks Drawer_open_or_close
35e4b0fd.wav,Tearing Squeak Shatter
35f3a48c.wav,Knock Bass_drum Writing
35f6a4b8.wav,Glockenspiel Electric_piano Clarinet
35ff3f29.wav,Oboe Trumpet Saxophone
35ffae5a.wav,Glockenspiel Electric_piano Violin_or_fiddle
360348af.wav,Tearing Fart Keys_jangling
360e9c8e.wav,Saxophone Flute Clarinet
360ed752.wav,Drawer_open_or_close Gunshot_or_gunfire Writing
361285ac.wav,Knock Writing Tearing
3617db48.wav,Cello Acoustic_guitar Double_bass
361c028f.wav,Clarinet Saxophone Oboe
361fbd17.wav,Cello Clarinet Violin_or_fiddle
3620c12b.wav,Hi-hat Fireworks Glockenspiel
3623b02e.wav,Clarinet Saxophone Violin_or_fiddle
363a3760.wav,Violin_or_fiddle Oboe Flute
364d2e90.wav,Cowbell Violin_or_fiddle Cello
36507474.wav,Tearing Shatter Fireworks
365a4c89.wav,Violin_or_fiddle Squeak Flute
365f9044.wav,Glockenspiel Electric_piano Clarinet
3660d731.wav,Bark Clarinet Violin_or_fiddle
3668b282.wav,Shatter Fireworks Squeak
36690c27.wav,Saxophone Clarinet Flute
3670cc04.wav,Clarinet Saxophone Violin_or_fiddle
367ba81f.wav,Clarinet Violin_or_fiddle Oboe
36a0c334.wav,Fart Burping_or_eructation Tearing
36a2202d.wav,Tambourine Chime Keys_jangling
36a92b29.wav,Saxophone Clarinet Flute
36a98063.wav,Oboe Clarinet Flute
36b4867e.wav,Laughter Acoustic_guitar Telephone
36ba1f72.wav,Fart Burping_or_eructation Tearing
36cd9e16.wav,Trumpet Knock Writing
36d47091.wav,Clarinet Violin_or_fiddle Saxophone
36dbdb68.wav,Violin_or_fiddle Cello Flute
36e470e4.wav,Oboe Trumpet Clarinet
36e7790c.wav,Violin_or_fiddle Flute Clarinet
36e79aec.wav,Bass_drum Hi-hat Knock
36eae2b1.wav,Violin_or_fiddle Gunshot_or_gunfire Snare_drum
36ec121c.wav,Cello Acoustic_guitar Gong
36f5daf6.wav,Cello Violin_or_fiddle Double_bass
36f6ba1e.wav,Trumpet Oboe Saxophone
36f81d4d.wav,Knock Bass_drum Snare_drum
36f9dc1c.wav,Acoustic_guitar Bus Gong
370156c4.wav,Burping_or_eructation Fireworks Shatter
370cad4d.wav,Cello Acoustic_guitar Gong
370f79a2.wav,Bass_drum Hi-hat Gunshot_or_gunfire
371be693.wav,Bass_drum Knock Hi-hat
371c577e.wav,Double_bass Cello Acoustic_guitar
371f11c2.wav,Oboe Clarinet Flute
37398fcb.wav,Saxophone Clarinet Bark
373b761c.wav,Clarinet Saxophone Violin_or_fiddle
3740d249.wav,Snare_drum Knock Acoustic_guitar
374a434b.wav,Saxophone Clarinet Flute
374c8729.wav,Laughter Cough Bark
37534d14.wav,Burping_or_eructation Fart Tearing
375d2777.wav,Violin_or_fiddle Harmonica Clarinet
37686c61.wav,Bass_drum Knock Computer_keyboard
37694c0e.wav,Clarinet Saxophone Violin_or_fiddle
37722c4c.wav,Gong Saxophone Cello
3779929b.wav,Applause Fireworks Shatter
3789db8f.wav,Oboe Trumpet Clarinet
3790ad69.wav,Trumpet Oboe Saxophone
